order_id;customer_id;order_status;order_date;required_date;shipped_date;store_id;staff_id;total_price
1;259;4;2016-01-01;2016-01-03;2016-01-03;1;2;6515.515
2;1212;4;2016-01-01;2016-01-04;2016-01-03;2;6;1127.981
3;523;4;2016-01-02;2016-01-05;2016-01-03;2;7;1519.98
4;175;4;2016-01-03;2016-01-04;2016-01-05;1;3;674.991
5;1324;4;2016-01-03;2016-01-06;2016-01-06;2;6;2428.511
6;94;4;2016-01-04;2016-01-07;2016-01-05;2;6;5200.032999999999
7;324;4;2016-01-04;2016-01-07;2016-01-05;2;6;1778.982
8;1204;4;2016-01-04;2016-01-05;2016-01-05;2;7;814.481
9;60;4;2016-01-05;2016-01-08;2016-01-08;1;2;3599.991
10;442;4;2016-01-05;2016-01-06;2016-01-06;2;6;242.991
11;1326;4;2016-01-05;2016-01-08;2016-01-07;2;7;2432.973
12;91;4;2016-01-06;2016-01-08;2016-01-09;1;2;4206.9310000000005
13;873;4;2016-01-08;2016-01-11;2016-01-11;2;6;1760.5220000000002
14;258;4;2016-01-09;2016-01-11;2016-01-12;1;3;437.091
15;450;4;2016-01-09;2016-01-10;2016-01-12;2;7;2852.0240000000003
16;552;4;2016-01-12;2016-01-15;2016-01-15;1;3;2198.6639999999998
17;1175;4;2016-01-12;2016-01-14;2016-01-14;1;3;3612.8650000000002
18;541;4;2016-01-14;2016-01-17;2016-01-15;1;3;7631.454
19;696;4;2016-01-14;2016-01-17;2016-01-16;1;2;3840.562
20;923;4;2016-01-14;2016-01-16;2016-01-17;1;2;4230.561
21;1250;4;2016-01-15;2016-01-16;2016-01-18;2;6;2083.16
22;1035;4;2016-01-16;2016-01-18;2016-01-17;1;2;680.482
23;1149;4;2016-01-16;2016-01-19;2016-01-19;1;2;3240.973
24;636;4;2016-01-18;2016-01-20;2016-01-19;2;7;1317.561
25;657;4;2016-01-18;2016-01-21;2016-01-21;2;6;2154.167
26;1280;4;2016-01-18;2016-01-21;2016-01-19;2;7;5091.0650000000005
27;57;4;2016-01-19;2016-01-21;2016-01-20;2;7;3647.974
28;252;4;2016-01-19;2016-01-20;2016-01-21;2;6;5144.4130000000005
29;437;4;2016-01-20;2016-01-22;2016-01-21;2;6;2837.955
30;1348;4;2016-01-20;2016-01-21;2016-01-21;2;6;7583.0419999999995
31;1238;4;2016-01-20;2016-01-22;2016-01-22;3;8;3996.9320000000002
32;1259;4;2016-01-21;2016-01-24;2016-01-22;1;3;2635.473
33;236;4;2016-01-21;2016-01-22;2016-01-22;2;6;3878.982
34;80;4;2016-01-22;2016-01-25;2016-01-23;2;6;3411.2909999999997
35;813;4;2016-01-22;2016-01-25;2016-01-24;2;7;2555.5139999999997
36;1321;4;2016-01-23;2016-01-24;2016-01-24;2;6;4844.923
37;164;4;2016-01-25;2016-01-28;2016-01-26;2;6;569.99
38;583;4;2016-01-25;2016-01-27;2016-01-26;2;7;6384.564
39;1296;4;2016-01-25;2016-01-26;2016-01-26;2;7;2122.965
40;348;4;2016-01-27;2016-01-28;2016-01-29;1;3;1783.192
41;979;4;2016-01-27;2016-01-30;2016-01-29;2;6;2028.083
42;1095;4;2016-01-27;2016-01-28;2016-01-30;2;7;426.55
43;1434;4;2016-01-27;2016-01-28;2016-01-30;2;7;765.481
44;861;4;2016-01-28;2016-01-31;2016-01-30;2;7;4169.981
45;1220;4;2016-01-28;2016-01-31;2016-01-31;2;7;2827.5730000000003
46;746;4;2016-01-29;2016-01-31;2016-01-31;2;7;386.1
47;1234;4;2016-01-29;2016-01-30;2016-01-31;2;7;1604.464
48;1012;4;2016-01-30;2016-02-01;2016-02-02;2;7;5272.865000000001
49;608;4;2016-01-31;2016-02-01;2016-02-02;2;6;251.091
50;872;4;2016-01-31;2016-02-03;2016-02-02;3;8;1723.973
51;1047;4;2016-02-01;2016-02-02;2016-02-03;2;7;1306.472
52;767;4;2016-02-03;2016-02-04;2016-02-05;1;2;464.991
53;965;4;2016-02-03;2016-02-04;2016-02-05;2;6;2390.965
54;535;4;2016-02-04;2016-02-07;2016-02-07;2;7;1279.984
55;1173;4;2016-02-04;2016-02-07;2016-02-06;2;6;1080.474
56;1241;4;2016-02-04;2016-02-06;2016-02-07;2;6;557.991
57;1305;4;2016-02-04;2016-02-06;2016-02-06;2;7;880.282
58;504;4;2016-02-05;2016-02-07;2016-02-07;2;6;944.0509999999999
59;563;4;2016-02-05;2016-02-07;2016-02-06;2;7;1317.5810000000001
60;151;4;2016-02-06;2016-02-08;2016-02-07;1;3;3575.364
61;277;4;2016-02-06;2016-02-09;2016-02-09;2;7;2010.273
62;208;4;2016-02-07;2016-02-10;2016-02-10;1;2;2114.073
63;1075;4;2016-02-07;2016-02-09;2016-02-09;2;7;1776.532
64;1185;4;2016-02-07;2016-02-08;2016-02-09;2;6;1400.966
65;996;4;2016-02-08;2016-02-09;2016-02-11;2;6;494.991
66;1253;4;2016-02-09;2016-02-12;2016-02-12;2;7;1390.474
67;526;4;2016-02-09;2016-02-11;2016-02-10;3;8;2499.066
68;381;4;2016-02-10;2016-02-11;2016-02-13;2;6;637.191
69;1413;4;2016-02-10;2016-02-12;2016-02-11;2;7;2771.3329999999996
70;50;3;2016-02-11;2016-02-11;;3;9;1879.18
71;797;4;2016-02-11;2016-02-14;2016-02-12;2;7;1414.0819999999999
72;1386;4;2016-02-12;2016-02-15;2016-02-13;1;2;1164.451
73;612;4;2016-02-12;2016-02-15;2016-02-14;2;7;2456.0550000000003
74;264;4;2016-02-13;2016-02-15;2016-02-15;2;7;1007.081
75;587;4;2016-02-14;2016-02-15;2016-02-17;2;6;5043.974
76;9;3;2016-02-16;2016-02-16;;2;6;3263.902
77;385;4;2016-02-16;2016-02-19;2016-02-19;1;2;1932.966
78;1182;4;2016-02-16;2016-02-18;2016-02-19;2;7;1405.261
79;529;4;2016-02-17;2016-02-20;2016-02-20;1;3;3995.523
80;397;4;2016-02-17;2016-02-20;2016-02-19;2;6;1378.182
81;521;4;2016-02-17;2016-02-19;2016-02-18;2;6;1999.18
82;1223;4;2016-02-18;2016-02-21;2016-02-20;2;6;1794.783
83;393;4;2016-02-19;2016-02-20;2016-02-20;1;3;1429.982
84;317;4;2016-02-20;2016-02-22;2016-02-21;2;7;771.8820000000001
85;1174;4;2016-02-20;2016-02-23;2016-02-21;2;7;3172.56
86;276;4;2016-02-21;2016-02-22;2016-02-23;2;7;3671.965
87;516;4;2016-02-21;2016-02-22;2016-02-23;2;6;749.983
88;1069;4;2016-02-21;2016-02-22;2016-02-23;2;6;6660.552
89;668;4;2016-02-21;2016-02-24;2016-02-24;3;8;1677.931
90;414;4;2016-02-23;2016-02-25;2016-02-24;2;7;1337.0819999999999
91;648;4;2016-02-25;2016-02-27;2016-02-28;1;2;2731.863
92;1309;4;2016-02-25;2016-02-28;2016-02-28;2;7;1619.991
93;1328;4;2016-02-26;2016-02-28;2016-02-27;1;3;2942.194
94;929;4;2016-02-27;2016-02-28;2016-02-29;1;2;4438.365
95;218;4;2016-02-27;2016-02-29;2016-02-28;2;7;3653.282
96;1094;4;2016-02-27;2016-02-29;2016-02-28;2;7;824.981
97;204;4;2016-02-28;2016-02-29;2016-03-01;2;7;1957.5749999999998
98;1194;4;2016-02-28;2016-02-29;2016-02-29;2;6;1476.5449999999998
99;1165;4;2016-02-29;2016-03-01;2016-03-03;3;9;4866.957
100;1237;4;2016-03-01;2016-03-04;2016-03-03;2;7;6210.356000000001
101;271;4;2016-03-01;2016-03-04;2016-03-04;3;8;439.992
102;336;4;2016-03-02;2016-03-05;2016-03-03;2;7;754.581
103;991;4;2016-03-03;2016-03-06;2016-03-05;1;2;4885.142
104;7;4;2016-03-03;2016-03-05;2016-03-05;2;7;974.09
105;306;4;2016-03-03;2016-03-05;2016-03-04;2;7;5144.772
106;422;4;2016-03-04;2016-03-05;2016-03-05;3;9;629.091
107;633;4;2016-03-06;2016-03-09;2016-03-09;1;2;602.191
108;12;4;2016-03-06;2016-03-09;2016-03-07;2;6;2333.9719999999998
109;1255;4;2016-03-06;2016-03-09;2016-03-09;2;6;680.082
110;677;4;2016-03-06;2016-03-08;2016-03-09;3;9;242.991
111;630;4;2016-03-07;2016-03-10;2016-03-10;2;6;754.482
112;469;4;2016-03-08;2016-03-11;2016-03-10;2;6;2284.265
113;1078;4;2016-03-08;2016-03-11;2016-03-11;2;6;2740.357
114;1431;4;2016-03-08;2016-03-10;2016-03-11;2;7;1462.972
115;1369;4;2016-03-09;2016-03-11;2016-03-11;2;7;620.092
116;471;4;2016-03-10;2016-03-11;2016-03-11;2;7;569.99
117;740;4;2016-03-10;2016-03-13;2016-03-11;2;6;1428.524
118;577;4;2016-03-12;2016-03-14;2016-03-13;1;2;4730.634
119;925;4;2016-03-12;2016-03-14;2016-03-14;2;7;474.99
120;327;4;2016-03-14;2016-03-15;2016-03-17;2;7;3062.072
121;755;4;2016-03-14;2016-03-15;2016-03-16;2;6;5133.754999999999
122;786;4;2016-03-14;2016-03-16;2016-03-15;2;6;539.991
123;766;4;2016-03-15;2016-03-18;2016-03-17;2;6;494.991
124;403;4;2016-03-16;2016-03-18;2016-03-17;1;3;7066.971
125;685;4;2016-03-16;2016-03-19;2016-03-17;2;6;386.1
126;1365;4;2016-03-16;2016-03-18;2016-03-18;2;7;2849.99
127;484;4;2016-03-17;2016-03-18;2016-03-19;3;8;3635.952
128;86;4;2016-03-18;2016-03-20;2016-03-21;2;6;4154.966
129;84;4;2016-03-19;2016-03-21;2016-03-21;2;7;3104.091
130;1049;4;2016-03-19;2016-03-22;2016-03-20;2;6;1798.511
131;316;4;2016-03-19;2016-03-22;2016-03-20;3;8;3407.974
132;46;4;2016-03-20;2016-03-22;2016-03-23;1;3;3982.471
133;409;4;2016-03-20;2016-03-22;2016-03-21;2;7;472.48199999999997
134;679;4;2016-03-20;2016-03-21;2016-03-21;2;7;1519.1609999999998
135;1354;4;2016-03-21;2016-03-23;2016-03-23;2;7;2793.9719999999998
136;1192;4;2016-03-21;2016-03-24;2016-03-23;3;8;4149.982
137;370;4;2016-03-23;2016-03-26;2016-03-25;2;7;521.982
138;438;4;2016-03-23;2016-03-24;2016-03-25;2;7;915.983
139;710;4;2016-03-23;2016-03-24;2016-03-26;2;7;1347.561
140;1264;4;2016-03-23;2016-03-26;2016-03-26;2;7;2029.9660000000001
141;557;4;2016-03-25;2016-03-27;2016-03-26;2;7;359.2
142;170;4;2016-03-26;2016-03-27;2016-03-27;1;3;2470.452
143;693;4;2016-03-26;2016-03-28;2016-03-28;2;7;375.992
144;1124;4;2016-03-26;2016-03-29;2016-03-29;2;7;1709.99
145;366;4;2016-03-27;2016-03-29;2016-03-30;2;6;4044.783
146;288;4;2016-03-28;2016-03-30;2016-03-30;1;3;2978.955
147;55;4;2016-03-28;2016-03-31;2016-03-31;2;7;479.992
148;714;4;2016-03-28;2016-03-30;2016-03-30;2;6;256.49
149;763;4;2016-03-28;2016-03-30;2016-03-29;2;6;762.582
150;332;4;2016-03-29;2016-03-31;2016-04-01;1;2;5263.944
151;926;4;2016-03-29;2016-04-01;2016-03-31;1;2;926.091
152;76;4;2016-03-29;2016-03-30;2016-03-30;2;6;1149.975
153;498;4;2016-03-30;2016-04-02;2016-04-01;2;6;2735.4719999999998
154;1286;4;2016-03-31;2016-04-01;2016-04-01;1;2;494.991
155;371;4;2016-04-02;2016-04-03;2016-04-04;2;6;1619.991
156;357;4;2016-04-03;2016-04-06;2016-04-05;1;3;1203.841
157;43;4;2016-04-03;2016-04-06;2016-04-06;3;8;6329.982
158;117;3;2016-04-04;2016-04-04;;3;9;494.991
159;32;4;2016-04-04;2016-04-06;2016-04-06;1;2;215.992
160;205;4;2016-04-04;2016-04-06;2016-04-06;2;7;2745.022
161;251;4;2016-04-04;2016-04-07;2016-04-05;2;7;4567.971
162;31;4;2016-04-06;2016-04-08;2016-04-07;1;3;1568.652
163;1325;4;2016-04-06;2016-04-07;2016-04-07;2;7;854.191
164;610;4;2016-04-07;2016-04-08;2016-04-09;2;7;4469.531
165;574;4;2016-04-08;2016-04-10;2016-04-10;1;3;3707.4719999999998
166;338;4;2016-04-08;2016-04-11;2016-04-11;2;6;2738.892
167;1034;4;2016-04-08;2016-04-09;2016-04-11;2;7;5818.17
168;1147;4;2016-04-09;2016-04-12;2016-04-11;1;3;2713.795
169;99;4;2016-04-10;2016-04-11;2016-04-11;2;7;4635.4130000000005
170;1200;4;2016-04-10;2016-04-11;2016-04-13;2;7;4644.023
171;237;4;2016-04-11;2016-04-14;2016-04-14;1;3;1709.99
172;1079;4;2016-04-11;2016-04-12;2016-04-14;2;7;758.983
173;117;4;2016-04-11;2016-04-14;2016-04-13;3;8;1306.472
174;1361;4;2016-04-12;2016-04-13;2016-04-15;2;7;620.092
175;951;4;2016-04-13;2016-04-14;2016-04-14;2;6;2449.444
176;643;4;2016-04-15;2016-04-16;2016-04-17;2;7;2612.273
177;121;4;2016-04-16;2016-04-19;2016-04-19;1;2;539.991
178;756;4;2016-04-16;2016-04-17;2016-04-18;2;6;3079.251
179;616;4;2016-04-17;2016-04-19;2016-04-19;2;6;2135.6639999999998
180;918;4;2016-04-17;2016-04-20;2016-04-19;2;7;557.991
181;459;4;2016-04-18;2016-04-20;2016-04-20;1;3;3930.923
182;854;4;2016-04-18;2016-04-19;2016-04-20;2;6;986.481
183;22;4;2016-04-19;2016-04-20;2016-04-20;2;7;2683.822
184;134;4;2016-04-19;2016-04-21;2016-04-22;2;7;3751.8740000000003
185;24;3;2016-04-20;2016-04-20;;1;2;2249.9809999999998
186;1127;4;2016-04-21;2016-04-22;2016-04-24;2;6;3032.982
187;183;4;2016-04-22;2016-04-23;2016-04-24;2;6;1254.94
188;390;4;2016-04-22;2016-04-23;2016-04-25;2;6;3719.991
189;1288;4;2016-04-23;2016-04-24;2016-04-26;1;2;479.992
190;98;4;2016-04-23;2016-04-25;2016-04-25;2;6;1746.474
191;919;4;2016-04-27;2016-04-28;2016-04-28;1;2;3839.9529999999995
192;728;4;2016-04-27;2016-04-28;2016-04-29;2;7;4548.163
193;1366;4;2016-04-28;2016-04-30;2016-04-30;1;3;494.991
194;558;4;2016-04-28;2016-04-30;2016-05-01;2;7;215.992
195;727;4;2016-04-28;2016-05-01;2016-05-01;2;7;4235.465
196;1247;4;2016-04-28;2016-04-30;2016-05-01;2;6;3868.533
197;127;4;2016-04-30;2016-05-03;2016-05-03;2;7;3017.483
198;640;4;2016-05-01;2016-05-04;2016-05-03;2;6;3108.513
199;760;4;2016-05-01;2016-05-04;2016-05-04;2;7;3212.552
200;1074;4;2016-05-01;2016-05-03;2016-05-03;2;6;536.081
201;280;4;2016-05-01;2016-05-04;2016-05-02;3;9;4373.023
202;600;4;2016-05-03;2016-05-05;2016-05-04;1;2;3060.0209999999997
203;1102;4;2016-05-03;2016-05-05;2016-05-06;3;9;2230.751
204;591;4;2016-05-04;2016-05-07;2016-05-06;2;7;823.191
205;635;4;2016-05-04;2016-05-05;2016-05-06;2;6;751.481
206;743;4;2016-05-04;2016-05-06;2016-05-05;3;9;954.982
207;105;4;2016-05-05;2016-05-07;2016-05-07;2;7;6858.244
208;815;4;2016-05-06;2016-05-07;2016-05-09;2;7;6005.013
209;514;4;2016-05-07;2016-05-08;2016-05-08;2;6;242.991
210;943;4;2016-05-07;2016-05-08;2016-05-09;2;6;467.08299999999997
211;1140;4;2016-05-07;2016-05-09;2016-05-08;2;6;2138.0609999999997
212;1373;4;2016-05-08;2016-05-09;2016-05-11;2;6;4602.075000000001
213;788;4;2016-05-08;2016-05-09;2016-05-09;3;8;242.991
214;363;4;2016-05-10;2016-05-12;2016-05-11;2;6;242.991
215;1420;4;2016-05-10;2016-05-13;2016-05-12;2;7;912.5609999999999
216;267;4;2016-05-11;2016-05-14;2016-05-13;1;3;812.981
217;716;4;2016-05-11;2016-05-12;2016-05-14;2;7;2197.17
218;1179;4;2016-05-12;2016-05-14;2016-05-14;2;7;1448.5720000000001
219;1338;4;2016-05-12;2016-05-15;2016-05-15;2;6;1626.782
220;1358;4;2016-05-12;2016-05-14;2016-05-15;2;6;1954.464
221;1218;4;2016-05-13;2016-05-16;2016-05-14;1;2;1563.321
222;51;4;2016-05-13;2016-05-16;2016-05-14;2;6;2069.091
223;1368;4;2016-05-15;2016-05-16;2016-05-17;2;7;6173.252999999999
224;157;4;2016-05-17;2016-05-18;2016-05-19;1;3;3664.1719999999996
225;307;4;2016-05-17;2016-05-20;2016-05-19;1;3;2942.982
226;501;4;2016-05-17;2016-05-19;2016-05-20;1;2;712.49
227;489;4;2016-05-17;2016-05-18;2016-05-20;2;7;1426.981
228;615;4;2016-05-17;2016-05-20;2016-05-20;2;7;3943.956
229;742;4;2016-05-19;2016-05-21;2016-05-20;2;6;3028.875
230;1167;4;2016-05-19;2016-05-20;2016-05-21;2;6;1563.321
231;1257;4;2016-05-19;2016-05-22;2016-05-21;2;6;2946.7749999999996
232;1360;4;2016-05-20;2016-05-23;2016-05-23;1;3;4192.492
233;737;4;2016-05-21;2016-05-22;2016-05-24;2;6;1715.865
234;1435;4;2016-05-22;2016-05-24;2016-05-24;2;6;6317.313999999999
235;649;4;2016-05-24;2016-05-25;2016-05-25;2;6;4493.571
236;206;4;2016-05-25;2016-05-27;2016-05-26;2;6;4214.973
237;1351;4;2016-05-25;2016-05-26;2016-05-27;2;7;1985.465
238;1350;4;2016-05-26;2016-05-29;2016-05-29;2;6;5137.456
239;13;3;2016-05-27;2016-05-27;;3;9;3911.042
240;65;4;2016-05-27;2016-05-29;2016-05-30;2;6;6110.072999999999
241;1082;4;2016-05-27;2016-05-29;2016-05-29;2;7;3199.992
242;1168;4;2016-05-27;2016-05-30;2016-05-30;2;7;799.992
243;802;4;2016-05-27;2016-05-30;2016-05-28;3;8;4692.549999999999
244;956;4;2016-05-28;2016-05-29;2016-05-29;2;6;1060.553
245;223;4;2016-05-29;2016-05-31;2016-05-30;2;7;3091.541
246;17;3;2016-05-30;2016-05-30;;2;6;343.2
247;928;4;2016-05-30;2016-06-01;2016-06-01;1;3;1264.983
248;1376;4;2016-05-30;2016-06-01;2016-05-31;2;7;3569.074
249;145;4;2016-06-01;2016-06-04;2016-06-04;2;6;4469.531
250;150;4;2016-06-01;2016-06-02;2016-06-04;2;7;1920.441
251;851;4;2016-06-01;2016-06-04;2016-06-04;2;7;496.48199999999997
252;66;4;2016-06-01;2016-06-04;2016-06-02;3;8;4613.982
253;1267;4;2016-06-02;2016-06-05;2016-06-05;2;6;1563.321
254;510;4;2016-06-03;2016-06-06;2016-06-05;2;7;1909.5710000000001
255;801;4;2016-06-03;2016-06-06;2016-06-05;2;7;2255.966
256;26;4;2016-06-04;2016-06-05;2016-06-07;2;7;1769.381
257;1314;4;2016-06-05;2016-06-06;2016-06-08;1;3;3761.0739999999996
258;107;4;2016-06-06;2016-06-07;2016-06-07;2;7;5251.101
259;413;4;2016-06-06;2016-06-09;2016-06-09;2;7;4202.964
260;632;4;2016-06-06;2016-06-08;2016-06-08;2;6;1919.184
261;1045;4;2016-06-08;2016-06-10;2016-06-09;1;2;1199.0810000000001
262;579;4;2016-06-08;2016-06-11;2016-06-10;3;9;3547.4809999999998
263;1322;4;2016-06-09;2016-06-10;2016-06-12;2;6;4302.473
264;5;3;2016-06-10;2016-06-10;;1;3;3168.672
265;682;4;2016-06-10;2016-06-12;2016-06-11;2;7;2399.992
266;933;4;2016-06-10;2016-06-13;2016-06-13;2;7;1271.281
267;282;4;2016-06-11;2016-06-14;2016-06-14;1;3;4957.455
268;540;4;2016-06-11;2016-06-14;2016-06-12;1;3;6875.973
269;764;4;2016-06-12;2016-06-13;2016-06-15;2;6;2884.0519999999997
270;879;4;2016-06-12;2016-06-15;2016-06-13;2;7;876.983
271;350;4;2016-06-13;2016-06-16;2016-06-14;2;7;5852.793
272;497;4;2016-06-15;2016-06-18;2016-06-16;2;7;2260.812
273;1340;4;2016-06-16;2016-06-19;2016-06-17;2;7;242.991
274;411;4;2016-06-17;2016-06-20;2016-06-18;2;7;4836.9220000000005
275;1341;4;2016-06-17;2016-06-19;2016-06-18;2;7;4676.531
276;1227;4;2016-06-18;2016-06-19;2016-06-19;2;6;3997.533
277;546;4;2016-06-19;2016-06-20;2016-06-20;2;7;1098.9750000000001
278;1301;4;2016-06-20;2016-06-23;2016-06-21;1;3;2711.974
279;378;4;2016-06-21;2016-06-22;2016-06-22;2;6;464.991
280;638;4;2016-06-21;2016-06-22;2016-06-23;2;7;1274.0729999999999
281;800;4;2016-06-21;2016-06-22;2016-06-23;2;7;4214.073
282;159;4;2016-06-22;2016-06-25;2016-06-25;3;9;5785.963
283;181;4;2016-06-23;2016-06-26;2016-06-26;1;2;3329.982
284;1356;4;2016-06-23;2016-06-25;2016-06-25;2;7;919.984
285;319;4;2016-06-25;2016-06-26;2016-06-27;1;2;1767.471
286;59;4;2016-06-25;2016-06-26;2016-06-26;2;6;4871.0650000000005
287;133;4;2016-06-25;2016-06-26;2016-06-27;2;6;3810.821999999999
288;780;4;2016-06-25;2016-06-28;2016-06-28;2;6;7514.082
289;849;4;2016-06-27;2016-06-28;2016-06-30;2;6;1034.2830000000001
290;202;4;2016-06-28;2016-06-29;2016-06-30;2;6;2169.003
291;158;4;2016-06-29;2016-06-30;2016-07-01;2;6;697.581
292;360;4;2016-06-29;2016-06-30;2016-07-02;3;9;4572.641
293;573;4;2016-06-30;2016-07-03;2016-07-02;2;7;802.542
294;732;4;2016-07-01;2016-07-02;2016-07-02;2;7;4775.174
295;1130;4;2016-07-01;2016-07-04;2016-07-04;2;7;251.091
296;1245;4;2016-07-04;2016-07-07;2016-07-06;2;6;4872.865
297;1425;4;2016-07-04;2016-07-05;2016-07-06;2;7;2319.992
298;885;4;2016-07-04;2016-07-07;2016-07-07;3;9;3935.456
299;281;4;2016-07-05;2016-07-06;2016-07-07;2;6;2836.1400000000003
300;1205;4;2016-07-05;2016-07-08;2016-07-08;2;6;5978.874
301;17;4;2016-07-06;2016-07-09;2016-07-08;2;6;689.481
302;1375;4;2016-07-06;2016-07-07;2016-07-09;2;6;1457.554
303;36;4;2016-07-07;2016-07-08;2016-07-09;2;7;2232.48
304;230;4;2016-07-07;2016-07-08;2016-07-08;2;6;5611.532
305;705;4;2016-07-07;2016-07-08;2016-07-08;2;7;2663.553
306;424;4;2016-07-09;2016-07-10;2016-07-12;2;7;1490.2910000000002
307;695;4;2016-07-09;2016-07-11;2016-07-11;2;6;503.49
308;156;4;2016-07-11;2016-07-12;2016-07-14;2;6;4175.183
309;211;4;2016-07-11;2016-07-13;2016-07-13;2;6;1472.48
310;627;4;2016-07-12;2016-07-13;2016-07-13;1;2;6459.766
311;1400;4;2016-07-12;2016-07-14;2016-07-13;2;6;1464.3419999999999
312;299;4;2016-07-13;2016-07-15;2016-07-16;2;6;1343.571
313;565;4;2016-07-14;2016-07-15;2016-07-15;3;9;4137.561
314;1019;4;2016-07-15;2016-07-17;2016-07-17;2;7;8014.494
315;1263;4;2016-07-16;2016-07-19;2016-07-17;2;6;4044.783
316;670;4;2016-07-17;2016-07-20;2016-07-19;2;7;2446.724
317;795;4;2016-07-17;2016-07-20;2016-07-19;2;7;2215.172
318;1141;4;2016-07-17;2016-07-19;2016-07-20;2;7;3492.973
319;941;4;2016-07-18;2016-07-21;2016-07-21;2;6;2541.294
320;1428;4;2016-07-19;2016-07-20;2016-07-21;1;2;674.991
321;568;4;2016-07-19;2016-07-22;2016-07-21;2;6;3479.9680000000008
322;924;4;2016-07-19;2016-07-22;2016-07-20;2;6;467.08299999999997
323;1243;4;2016-07-19;2016-07-22;2016-07-21;2;6;791.082
324;480;4;2016-07-20;2016-07-22;2016-07-23;2;6;2183.223
325;848;4;2016-07-20;2016-07-21;2016-07-21;2;6;4615.974
326;1337;4;2016-07-20;2016-07-21;2016-07-22;3;9;773.982
327;83;4;2016-07-21;2016-07-24;2016-07-22;2;6;3517.5719999999997
328;528;4;2016-07-23;2016-07-26;2016-07-25;2;6;422.991
329;274;4;2016-07-24;2016-07-27;2016-07-26;2;6;3170.0330000000004
330;622;4;2016-07-24;2016-07-27;2016-07-27;2;6;256.49
331;642;4;2016-07-24;2016-07-26;2016-07-25;2;6;386.1
332;659;4;2016-07-24;2016-07-26;2016-07-26;2;7;426.55
333;779;4;2016-07-25;2016-07-27;2016-07-26;2;6;2927.5519999999997
334;1112;4;2016-07-25;2016-07-28;2016-07-27;2;7;4279.972
335;1193;4;2016-07-25;2016-07-27;2016-07-26;2;6;1349.0729999999999
336;1030;4;2016-07-26;2016-07-29;2016-07-27;2;7;3049.983
337;1252;4;2016-07-26;2016-07-27;2016-07-28;2;7;3181.54
338;1333;4;2016-07-28;2016-07-29;2016-07-30;1;3;6533.963
339;1110;4;2016-07-28;2016-07-31;2016-07-29;2;7;746.481
340;963;4;2016-07-29;2016-07-30;2016-07-31;2;7;4268.012000000001
341;1357;4;2016-07-31;2016-08-03;2016-08-01;1;3;284.99
342;806;4;2016-07-31;2016-08-01;2016-08-03;2;7;3497.974
343;961;4;2016-07-31;2016-08-02;2016-08-01;2;7;3604.022
344;750;4;2016-08-01;2016-08-03;2016-08-02;2;6;890.0519999999999
345;1299;4;2016-08-01;2016-08-04;2016-08-03;2;6;915.591
346;584;4;2016-08-01;2016-08-03;2016-08-02;3;9;1664.1139999999998
347;1004;4;2016-08-02;2016-08-03;2016-08-05;2;6;278.991
348;907;4;2016-08-02;2016-08-05;2016-08-04;3;9;1747.8310000000001
349;30;3;2016-08-03;2016-08-03;;1;3;479.992
350;31;3;2016-08-03;2016-08-03;;1;3;1934.472
351;1307;4;2016-08-03;2016-08-06;2016-08-04;1;2;3981.064
352;16;4;2016-08-03;2016-08-04;2016-08-06;2;7;1560.7839999999999
353;1387;4;2016-08-03;2016-08-06;2016-08-06;2;7;599.992
354;551;4;2016-08-03;2016-08-05;2016-08-06;3;8;642.542
355;1011;4;2016-08-03;2016-08-05;2016-08-05;3;8;791.082
356;1189;4;2016-08-04;2016-08-07;2016-08-06;2;6;3296.4699999999993
357;14;3;2016-08-05;2016-08-05;;3;8;4020.122
358;1042;4;2016-08-05;2016-08-07;2016-08-07;2;7;2794.172
359;441;4;2016-08-07;2016-08-10;2016-08-10;2;7;6482.874
360;1300;4;2016-08-07;2016-08-09;2016-08-10;2;6;4476.463
361;994;4;2016-08-08;2016-08-09;2016-08-11;2;6;2458.3720000000003
362;187;4;2016-08-09;2016-08-11;2016-08-11;1;2;697.491
363;834;4;2016-08-11;2016-08-12;2016-08-13;3;8;1451.065
364;373;4;2016-08-12;2016-08-14;2016-08-13;2;6;474.99
365;981;4;2016-08-13;2016-08-14;2016-08-15;2;6;511.491
366;1054;4;2016-08-13;2016-08-14;2016-08-14;3;9;3419.974
367;527;4;2016-08-14;2016-08-15;2016-08-15;2;7;2268.031
368;995;4;2016-08-14;2016-08-15;2016-08-17;2;7;2965.5330000000004
369;1285;4;2016-08-15;2016-08-18;2016-08-18;1;3;1440.57
370;758;4;2016-08-15;2016-08-18;2016-08-18;2;7;3084.9809999999998
371;891;4;2016-08-15;2016-08-16;2016-08-18;2;7;655.984
372;132;4;2016-08-16;2016-08-18;2016-08-18;2;6;3028.822
373;337;4;2016-08-16;2016-08-19;2016-08-17;2;7;3050.163
374;1313;4;2016-08-17;2016-08-19;2016-08-18;1;2;5114.091
375;536;4;2016-08-17;2016-08-20;2016-08-20;2;7;4188.461
376;825;4;2016-08-17;2016-08-19;2016-08-18;2;6;967.482
377;1355;4;2016-08-17;2016-08-19;2016-08-20;2;6;1961.0810000000001
378;475;4;2016-08-17;2016-08-20;2016-08-20;3;9;569.99
379;954;4;2016-08-18;2016-08-21;2016-08-21;2;7;3269.983
380;1156;4;2016-08-19;2016-08-20;2016-08-21;2;7;2166.9300000000003
381;1297;4;2016-08-19;2016-08-21;2016-08-21;2;7;251.091
382;199;4;2016-08-20;2016-08-23;2016-08-23;2;6;4571.073
383;331;4;2016-08-20;2016-08-23;2016-08-22;2;7;1416.532
384;410;4;2016-08-20;2016-08-22;2016-08-23;2;7;5262.956
385;1274;4;2016-08-20;2016-08-23;2016-08-22;2;7;4021.0730000000003
386;1362;4;2016-08-20;2016-08-23;2016-08-23;2;6;2869.974
387;451;4;2016-08-20;2016-08-21;2016-08-21;3;8;359.2
388;1080;4;2016-08-21;2016-08-24;2016-08-23;3;8;2820.673
389;53;4;2016-08-22;2016-08-24;2016-08-25;1;3;6316.864
390;576;4;2016-08-22;2016-08-24;2016-08-25;3;9;6854.971
391;61;3;2016-08-23;2016-08-23;;3;9;3242.274
392;176;4;2016-08-23;2016-08-26;2016-08-24;1;3;1192.981
393;368;4;2016-08-25;2016-08-26;2016-08-27;2;6;375.992
394;522;4;2016-08-26;2016-08-28;2016-08-29;1;3;980.9739999999999
395;144;4;2016-08-26;2016-08-27;2016-08-29;2;6;256.49
396;542;4;2016-08-27;2016-08-30;2016-08-29;2;6;2026.773
397;1437;4;2016-08-28;2016-08-31;2016-08-29;2;7;3799.99
398;447;4;2016-08-29;2016-08-30;2016-09-01;1;2;2944.0820000000003
399;1001;4;2016-08-29;2016-09-01;2016-09-01;2;7;2314.9210000000003
400;1295;4;2016-08-29;2016-08-30;2016-08-31;2;6;3711.4750000000004
401;103;4;2016-08-30;2016-09-02;2016-09-01;2;6;1479.192
402;1335;4;2016-08-30;2016-09-01;2016-08-31;2;6;2235.602
403;578;4;2016-08-31;2016-09-01;2016-09-02;1;3;4391.465
404;396;4;2016-08-31;2016-09-03;2016-09-01;2;7;3744.973
405;603;4;2016-08-31;2016-09-01;2016-09-01;2;6;2445.1829999999995
406;1380;4;2016-08-31;2016-09-02;2016-09-01;2;7;2319.992
407;77;3;2016-09-01;2016-09-01;;3;8;1734.932
408;1071;4;2016-09-01;2016-09-02;2016-09-02;1;2;2329.882
409;416;4;2016-09-01;2016-09-04;2016-09-04;2;7;1229.373
410;1151;4;2016-09-01;2016-09-03;2016-09-02;2;6;3794.9719999999998
411;261;4;2016-09-02;2016-09-04;2016-09-04;1;3;1267.481
412;1202;4;2016-09-02;2016-09-04;2016-09-04;1;3;4497.582
413;717;4;2016-09-02;2016-09-05;2016-09-03;2;6;4949.972
414;917;4;2016-09-03;2016-09-06;2016-09-06;2;7;2609.991
415;1265;4;2016-09-03;2016-09-06;2016-09-06;2;7;2673.2649999999994
416;1377;4;2016-09-03;2016-09-04;2016-09-06;2;7;997.173
417;359;4;2016-09-04;2016-09-05;2016-09-06;1;3;995.082
418;88;4;2016-09-04;2016-09-05;2016-09-05;2;6;1092.48
419;14;4;2016-09-04;2016-09-07;2016-09-06;3;8;2849.99
420;72;4;2016-09-05;2016-09-06;2016-09-07;1;3;1770.181
421;240;4;2016-09-05;2016-09-06;2016-09-08;1;3;4654.058
422;398;4;2016-09-06;2016-09-07;2016-09-09;2;6;569.99
423;1397;4;2016-09-06;2016-09-09;2016-09-09;2;7;2932.173
424;67;4;2016-09-08;2016-09-11;2016-09-11;1;3;689.481
425;843;4;2016-09-08;2016-09-11;2016-09-11;2;6;1100.632
426;944;4;2016-09-08;2016-09-10;2016-09-10;2;6;1679.09
427;434;4;2016-09-09;2016-09-10;2016-09-11;1;2;1546.473
428;1039;4;2016-09-09;2016-09-12;2016-09-10;2;6;1272.7839999999999
429;153;4;2016-09-10;2016-09-12;2016-09-12;3;8;6321.805
430;272;4;2016-09-11;2016-09-13;2016-09-12;2;6;5782.2880000000005
431;1217;4;2016-09-11;2016-09-12;2016-09-12;2;6;1666.8439999999998
432;169;4;2016-09-12;2016-09-15;2016-09-14;1;2;5039.19
433;1062;4;2016-09-12;2016-09-15;2016-09-13;2;6;4477.174
434;726;4;2016-09-13;2016-09-15;2016-09-14;2;6;5186.344
435;77;4;2016-09-14;2016-09-15;2016-09-16;3;9;3533.0299999999997
436;791;4;2016-09-16;2016-09-19;2016-09-19;2;7;1189.982
437;1085;4;2016-09-16;2016-09-18;2016-09-18;2;7;4131.53
438;314;4;2016-09-16;2016-09-19;2016-09-18;3;8;4906.4619999999995
439;149;4;2016-09-17;2016-09-20;2016-09-18;2;6;4237.081
440;882;4;2016-09-17;2016-09-18;2016-09-19;2;7;3114.561
441;704;4;2016-09-18;2016-09-19;2016-09-19;1;2;988.482
442;667;4;2016-09-18;2016-09-21;2016-09-21;2;7;1413.975
443;1371;4;2016-09-18;2016-09-19;2016-09-20;2;6;1734.932
444;30;4;2016-09-19;2016-09-20;2016-09-21;1;2;3093.163
445;362;4;2016-09-19;2016-09-22;2016-09-22;2;6;3997.9750000000004
446;399;4;2016-09-19;2016-09-21;2016-09-20;2;7;773.983
447;808;4;2016-09-20;2016-09-23;2016-09-22;3;8;5328.972
448;101;4;2016-09-21;2016-09-22;2016-09-24;2;6;702.98
449;492;4;2016-09-21;2016-09-24;2016-09-22;2;7;5320.023
450;575;4;2016-09-21;2016-09-24;2016-09-23;2;7;2222.8720000000003
451;1146;4;2016-09-21;2016-09-23;2016-09-22;2;7;256.49
452;997;4;2016-09-22;2016-09-23;2016-09-24;2;7;7386.912
453;1028;4;2016-09-22;2016-09-24;2016-09-25;2;7;3084.974
454;988;4;2016-09-23;2016-09-25;2016-09-26;2;6;1216.472
455;1055;4;2016-09-23;2016-09-24;2016-09-24;2;7;2849.99
456;1061;4;2016-09-23;2016-09-26;2016-09-25;3;9;677.961
457;1349;4;2016-09-24;2016-09-27;2016-09-27;1;3;5167.172
458;197;4;2016-09-25;2016-09-28;2016-09-26;2;6;3603.9580000000005
459;874;4;2016-09-25;2016-09-28;2016-09-26;2;6;1344.792
460;691;4;2016-09-25;2016-09-27;2016-09-26;3;8;3407.103
461;853;4;2016-09-26;2016-09-27;2016-09-27;2;7;5487.064
462;852;4;2016-09-27;2016-09-28;2016-09-29;2;6;494.991
463;964;4;2016-09-27;2016-09-28;2016-09-28;3;8;251.091
464;74;4;2016-09-28;2016-09-30;2016-09-29;2;7;3599.991
465;1198;4;2016-09-28;2016-10-01;2016-10-01;2;6;872.982
466;1440;4;2016-09-28;2016-09-29;2016-10-01;2;7;6201.064
467;555;4;2016-09-28;2016-09-30;2016-09-30;3;8;4012.9919999999997
468;1261;4;2016-09-29;2016-10-02;2016-09-30;1;3;5175.630999999999
469;1089;4;2016-09-29;2016-10-02;2016-10-02;2;7;4740.974
470;641;4;2016-09-30;2016-10-02;2016-10-02;1;3;2123.032
471;697;4;2016-09-30;2016-10-02;2016-10-01;1;3;472.48199999999997
472;468;4;2016-09-30;2016-10-01;2016-10-01;2;7;719.982
473;549;4;2016-09-30;2016-10-02;2016-10-03;2;7;557.991
474;553;4;2016-10-01;2016-10-04;2016-10-04;1;3;1771.3419999999999
475;241;4;2016-10-01;2016-10-04;2016-10-03;2;7;1278.954
476;559;4;2016-10-01;2016-10-04;2016-10-02;2;6;4704.394
477;449;4;2016-10-02;2016-10-05;2016-10-04;1;2;1894.541
478;304;4;2016-10-02;2016-10-05;2016-10-03;2;7;251.091
479;984;4;2016-10-03;2016-10-04;2016-10-04;2;6;6335.663
480;686;4;2016-10-04;2016-10-07;2016-10-05;1;3;3537.4709999999995
481;481;4;2016-10-04;2016-10-07;2016-10-06;3;9;3473.974
482;513;4;2016-10-05;2016-10-06;2016-10-06;2;6;458.983
483;703;4;2016-10-06;2016-10-07;2016-10-09;1;2;398.97
484;421;4;2016-10-06;2016-10-09;2016-10-07;2;7;5368.463
485;465;4;2016-10-06;2016-10-08;2016-10-07;2;7;812.981
486;709;4;2016-10-06;2016-10-08;2016-10-09;2;7;3074.9809999999998
487;827;4;2016-10-06;2016-10-09;2016-10-09;2;6;375.992
488;921;4;2016-10-06;2016-10-09;2016-10-08;2;6;792.571
489;899;4;2016-10-06;2016-10-08;2016-10-08;3;8;1619.991
490;876;4;2016-10-07;2016-10-10;2016-10-09;2;6;1274.063
491;1048;4;2016-10-08;2016-10-10;2016-10-11;1;2;3159.9719999999998
492;191;4;2016-10-09;2016-10-10;2016-10-12;1;2;1235.972
493;796;4;2016-10-09;2016-10-12;2016-10-11;1;3;1500.03
494;875;4;2016-10-09;2016-10-10;2016-10-11;2;6;269.991
495;712;4;2016-10-10;2016-10-12;2016-10-13;1;3;3065.982
496;193;4;2016-10-10;2016-10-12;2016-10-11;2;6;698.975
497;785;4;2016-10-10;2016-10-11;2016-10-11;2;6;464.991
498;1331;4;2016-10-10;2016-10-12;2016-10-11;2;6;2195.0519999999997
499;260;4;2016-10-11;2016-10-14;2016-10-13;1;2;2593.666
500;148;4;2016-10-11;2016-10-12;2016-10-13;2;6;738.482
501;977;4;2016-10-11;2016-10-12;2016-10-13;2;7;2622.523
502;401;4;2016-10-12;2016-10-13;2016-10-13;3;9;256.49
503;932;4;2016-10-13;2016-10-16;2016-10-14;2;6;1722.641
504;1381;4;2016-10-14;2016-10-15;2016-10-15;1;2;1207.481
505;721;4;2016-10-14;2016-10-16;2016-10-17;2;6;479.992
506;831;4;2016-10-14;2016-10-16;2016-10-16;2;6;4169.982
507;1378;4;2016-10-15;2016-10-17;2016-10-17;1;3;2388.022
508;1359;4;2016-10-15;2016-10-18;2016-10-18;2;6;4359.021
509;235;4;2016-10-16;2016-10-17;2016-10-17;2;7;2994.982
510;586;4;2016-10-17;2016-10-18;2016-10-18;2;7;386.1
511;377;4;2016-10-18;2016-10-20;2016-10-19;2;7;499.481
512;8;4;2016-10-19;2016-10-22;2016-10-20;2;7;251.091
513;155;4;2016-10-19;2016-10-21;2016-10-21;2;6;4214.974
514;927;4;2016-10-19;2016-10-21;2016-10-20;2;7;758.1700000000001
515;986;4;2016-10-19;2016-10-20;2016-10-22;2;6;3703.8650000000002
516;111;4;2016-10-21;2016-10-23;2016-10-24;2;6;4988.880999999999
517;613;4;2016-10-21;2016-10-22;2016-10-24;2;6;251.091
518;1374;4;2016-10-22;2016-10-24;2016-10-25;1;2;4197.235000000001
519;54;4;2016-10-22;2016-10-23;2016-10-24;2;7;5421.262
520;639;4;2016-10-23;2016-10-26;2016-10-24;2;7;2420.553
521;664;4;2016-10-23;2016-10-25;2016-10-25;2;6;1272.7839999999999
522;724;4;2016-10-23;2016-10-24;2016-10-24;2;7;3204.572
523;1056;4;2016-10-24;2016-10-26;2016-10-27;2;6;2756.864
524;569;4;2016-10-25;2016-10-26;2016-10-27;1;2;6175.784
525;1315;4;2016-10-26;2016-10-28;2016-10-29;1;3;4621.182
526;1096;4;2016-10-26;2016-10-28;2016-10-28;2;6;3269.363
527;506;4;2016-10-27;2016-10-29;2016-10-28;1;2;5541.654
528;676;4;2016-10-28;2016-10-31;2016-10-31;2;7;256.49
529;753;4;2016-10-28;2016-10-30;2016-10-31;2;7;511.491
530;773;4;2016-10-28;2016-10-31;2016-10-31;2;6;3785.473
531;116;4;2016-10-28;2016-10-29;2016-10-30;3;8;1280.975
532;817;4;2016-10-29;2016-10-31;2016-10-30;2;7;1373.953
533;1334;4;2016-10-29;2016-11-01;2016-11-01;2;6;4529.173
534;1406;4;2016-10-29;2016-10-30;2016-10-31;2;7;4298.9619999999995
535;835;4;2016-10-29;2016-10-31;2016-11-01;3;9;1242.472
536;759;4;2016-10-31;2016-11-02;2016-11-01;1;3;1691.563
537;1353;4;2016-10-31;2016-11-01;2016-11-03;1;2;2827.632
538;341;4;2016-11-02;2016-11-05;2016-11-05;2;6;599.992
539;1144;4;2016-11-02;2016-11-04;2016-11-03;2;7;3236.0719999999997
540;1429;4;2016-11-03;2016-11-05;2016-11-06;1;3;1223.0819999999999
541;1228;4;2016-11-04;2016-11-07;2016-11-07;1;3;256.49
542;313;4;2016-11-04;2016-11-06;2016-11-05;2;7;4079.174
543;62;4;2016-11-06;2016-11-09;2016-11-08;2;6;1329.182
544;321;4;2016-11-06;2016-11-07;2016-11-08;2;7;1165.08
545;1108;4;2016-11-08;2016-11-10;2016-11-09;3;9;1835.066
546;470;4;2016-11-09;2016-11-12;2016-11-10;2;7;2445.111
547;20;4;2016-11-09;2016-11-11;2016-11-10;3;8;5185.823
548;739;4;2016-11-11;2016-11-13;2016-11-13;2;7;3183.312
549;64;3;2016-11-12;2016-11-12;;3;9;6035.853
550;892;4;2016-11-12;2016-11-14;2016-11-15;2;7;2754.99
551;1169;4;2016-11-12;2016-11-13;2016-11-13;2;6;2896.7650000000003
552;1282;4;2016-11-12;2016-11-15;2016-11-13;2;7;2043.276
553;913;4;2016-11-12;2016-11-13;2016-11-15;3;9;1424.052
554;104;4;2016-11-13;2016-11-14;2016-11-16;1;3;3506.473
555;212;4;2016-11-13;2016-11-14;2016-11-16;2;7;5597.974
556;61;4;2016-11-13;2016-11-14;2016-11-15;3;9;2859.983
557;1248;4;2016-11-14;2016-11-17;2016-11-15;2;6;4094.091
558;1443;4;2016-11-15;2016-11-16;2016-11-17;2;7;8675.033
559;959;4;2016-11-16;2016-11-17;2016-11-17;1;2;4619.973
560;1405;4;2016-11-18;2016-11-19;2016-11-21;2;6;1109.981
561;90;4;2016-11-19;2016-11-22;2016-11-22;2;6;2583.95
562;942;4;2016-11-19;2016-11-20;2016-11-22;2;7;1034.981
563;365;4;2016-11-20;2016-11-22;2016-11-21;2;6;1092.532
564;1058;4;2016-11-20;2016-11-23;2016-11-22;2;7;2743.9840000000004
565;894;4;2016-11-21;2016-11-22;2016-11-22;2;7;4045.2809999999995
566;298;4;2016-11-22;2016-11-25;2016-11-23;1;3;5547.466
567;1430;4;2016-11-22;2016-11-23;2016-11-23;1;2;3628.513
568;1275;4;2016-11-23;2016-11-25;2016-11-24;1;3;2726.49
569;707;4;2016-11-23;2016-11-24;2016-11-25;2;6;1064.981
570;989;4;2016-11-23;2016-11-24;2016-11-25;2;6;3795.434
571;5;4;2016-11-24;2016-11-25;2016-11-27;1;2;5454.981
572;178;4;2016-11-24;2016-11-26;2016-11-26;2;6;2537.773
573;423;4;2016-11-24;2016-11-26;2016-11-27;2;6;599.992
574;833;4;2016-11-26;2016-11-27;2016-11-29;2;7;3174.9030000000002
575;33;4;2016-11-27;2016-11-28;2016-11-30;1;3;3136.983
576;1272;4;2016-11-27;2016-11-30;2016-11-28;1;3;2699.991
577;445;4;2016-11-27;2016-11-30;2016-11-29;2;6;799.992
578;819;4;2016-11-27;2016-11-28;2016-11-29;2;7;2517.625
579;160;4;2016-11-27;2016-11-30;2016-11-29;3;8;4175.982
580;581;4;2016-11-30;2016-12-02;2016-12-02;1;3;4338.066
581;688;4;2016-12-03;2016-12-05;2016-12-06;1;3;1673.991
582;32;3;2016-12-04;2016-12-04;;1;2;1638.17
583;792;4;2016-12-04;2016-12-05;2016-12-07;2;7;423.992
584;1209;4;2016-12-04;2016-12-05;2016-12-05;2;7;3104.033
585;1219;4;2016-12-04;2016-12-05;2016-12-05;2;7;2613.3810000000003
586;1306;4;2016-12-04;2016-12-06;2016-12-05;2;6;1752.883
587;487;4;2016-12-06;2016-12-08;2016-12-08;1;2;1450.022
588;102;4;2016-12-06;2016-12-07;2016-12-07;2;7;1680.562
589;719;4;2016-12-06;2016-12-07;2016-12-07;2;7;503.49
590;990;4;2016-12-06;2016-12-09;2016-12-07;2;7;4626.853999999999
591;1211;4;2016-12-06;2016-12-09;2016-12-09;2;7;1719.971
592;1232;4;2016-12-06;2016-12-08;2016-12-08;2;7;1230.551
593;50;4;2016-12-07;2016-12-10;2016-12-08;3;8;1364.982
594;1318;4;2016-12-07;2016-12-08;2016-12-08;3;8;796.481
595;538;4;2016-12-08;2016-12-09;2016-12-11;1;2;6055.112
596;952;4;2016-12-08;2016-12-09;2016-12-09;1;3;4374.921
597;1121;4;2016-12-08;2016-12-09;2016-12-10;2;6;2017.191
598;40;3;2016-12-09;2016-12-09;;1;3;3555.9719999999998
599;1;4;2016-12-09;2016-12-10;2016-12-12;2;6;4739.073
600;624;4;2016-12-09;2016-12-12;2016-12-11;2;7;3295.5530000000003
601;683;4;2016-12-09;2016-12-10;2016-12-10;2;6;439.992
602;823;4;2016-12-09;2016-12-10;2016-12-11;2;6;1732.011
603;1032;4;2016-12-09;2016-12-10;2016-12-10;2;7;3121.482
604;96;4;2016-12-10;2016-12-13;2016-12-12;2;7;3840.562
605;1208;4;2016-12-10;2016-12-11;2016-12-12;2;6;2453.344
606;18;4;2016-12-11;2016-12-12;2016-12-13;2;7;802.542
607;309;4;2016-12-11;2016-12-14;2016-12-13;2;6;2075.875
608;1103;4;2016-12-12;2016-12-15;2016-12-14;1;3;6414.974
609;896;4;2016-12-12;2016-12-13;2016-12-14;2;7;6472.442999999999
610;711;4;2016-12-13;2016-12-15;2016-12-14;2;6;4019.0339999999997
611;1073;4;2016-12-15;2016-12-17;2016-12-18;2;7;557.991
612;634;4;2016-12-16;2016-12-17;2016-12-17;2;7;1364.944
613;1159;4;2016-12-17;2016-12-19;2016-12-19;2;7;3638.032
614;654;4;2016-12-18;2016-12-21;2016-12-21;1;2;660.59
615;560;4;2016-12-19;2016-12-22;2016-12-21;3;9;2675.4019999999996
616;1444;4;2016-12-20;2016-12-23;2016-12-23;2;6;919.984
617;118;4;2016-12-21;2016-12-23;2016-12-23;2;7;1987.3129999999999
618;131;4;2016-12-21;2016-12-22;2016-12-22;2;6;1949.4209999999998
619;454;4;2016-12-22;2016-12-25;2016-12-25;2;7;464.991
620;466;4;2016-12-22;2016-12-24;2016-12-24;2;6;1056.792
621;1157;4;2016-12-23;2016-12-25;2016-12-24;2;6;398.97
622;1398;4;2016-12-23;2016-12-26;2016-12-25;2;7;4898.282
623;678;4;2016-12-24;2016-12-26;2016-12-27;2;6;1673.991
624;814;4;2016-12-24;2016-12-25;2016-12-27;2;6;1281.564
625;1163;4;2016-12-25;2016-12-28;2016-12-26;1;2;2571.7439999999997
626;130;4;2016-12-25;2016-12-28;2016-12-27;2;7;423.992
627;1119;4;2016-12-25;2016-12-26;2016-12-28;2;6;3375.5530000000003
628;561;4;2016-12-26;2016-12-29;2016-12-27;1;3;476.991
629;973;4;2016-12-26;2016-12-27;2016-12-29;1;2;2630.962
630;1404;4;2016-12-26;2016-12-27;2016-12-28;2;6;2360.122
631;855;4;2016-12-27;2016-12-29;2016-12-29;1;3;1004.3820000000001
632;163;4;2016-12-27;2016-12-29;2016-12-29;2;7;3095.255
633;1040;4;2016-12-28;2016-12-31;2016-12-30;3;8;3034.474
634;27;4;2016-12-29;2017-01-01;2016-12-30;2;6;3249.9809999999998
635;520;4;2016-12-30;2017-01-02;2016-12-31;2;6;2754.99
636;532;4;2017-01-03;2017-01-04;2017-01-05;1;2;263.992
637;512;4;2017-01-03;2017-01-05;2017-01-05;2;6;3104.982
638;1302;4;2017-01-04;2017-01-05;2017-01-06;2;7;5636.872
639;550;4;2017-01-06;2017-01-07;2017-01-07;2;6;6294.362
640;1093;4;2017-01-06;2017-01-08;2017-01-07;2;6;2407.155
641;673;4;2017-01-07;2017-01-10;2017-01-08;1;3;3695.474
642;847;4;2017-01-07;2017-01-09;2017-01-10;2;7;418.491
643;901;4;2017-01-08;2017-01-09;2017-01-11;1;3;712.49
644;439;4;2017-01-08;2017-01-11;2017-01-10;2;6;2789.991
645;1199;4;2017-01-08;2017-01-11;2017-01-10;2;6;8090.553
646;975;4;2017-01-09;2017-01-12;2017-01-11;1;2;3845.965
647;283;4;2017-01-09;2017-01-10;2017-01-11;2;7;707.982
648;684;4;2017-01-09;2017-01-11;2017-01-11;2;6;511.491
649;1153;4;2017-01-10;2017-01-11;2017-01-13;1;3;2638.763
650;729;4;2017-01-11;2017-01-14;2017-01-12;1;2;799.992
651;190;4;2017-01-11;2017-01-13;2017-01-13;2;7;1379.161
652;985;4;2017-01-12;2017-01-15;2017-01-13;3;9;4129.756
653;1249;4;2017-01-14;2017-01-17;2017-01-15;1;2;6668.356
654;1129;4;2017-01-14;2017-01-15;2017-01-17;2;7;3733.494
655;347;4;2017-01-16;2017-01-17;2017-01-18;1;3;225.891
656;949;4;2017-01-16;2017-01-17;2017-01-18;2;7;832.572
657;349;4;2017-01-17;2017-01-19;2017-01-20;1;2;3872.18
658;1051;4;2017-01-17;2017-01-18;2017-01-18;2;7;6599.972
659;1391;4;2017-01-17;2017-01-19;2017-01-18;2;7;8856.962
660;383;4;2017-01-18;2017-01-19;2017-01-19;2;7;9052.965
661;626;4;2017-01-18;2017-01-19;2017-01-20;2;6;3511.4809999999998
662;1125;4;2017-01-19;2017-01-20;2017-01-20;1;3;3795.256
663;344;4;2017-01-20;2017-01-22;2017-01-23;1;3;2724.9730000000004
664;681;4;2017-01-20;2017-01-23;2017-01-22;2;7;12044.167000000001
665;29;4;2017-01-21;2017-01-22;2017-01-23;2;6;6964.973
666;770;4;2017-01-21;2017-01-22;2017-01-24;2;7;1816.982
667;858;4;2017-01-22;2017-01-24;2017-01-25;2;7;1804.856
668;297;4;2017-01-22;2017-01-23;2017-01-24;3;8;1829.0900000000001
669;745;4;2017-01-23;2017-01-24;2017-01-26;2;7;1134.5819999999999
670;361;4;2017-01-24;2017-01-25;2017-01-25;2;6;3942.0640000000003
671;922;4;2017-01-25;2017-01-28;2017-01-26;2;7;6590.915000000001
672;908;4;2017-01-26;2017-01-29;2017-01-29;2;6;7719.974
673;64;4;2017-01-26;2017-01-28;2017-01-27;3;9;2112.296
674;733;4;2017-01-27;2017-01-28;2017-01-29;2;6;479.992
675;291;4;2017-01-28;2017-01-31;2017-01-30;2;7;1400.6019999999999
676;790;4;2017-01-28;2017-01-30;2017-01-31;2;7;2271.2259999999997
677;809;4;2017-01-28;2017-01-31;2017-01-30;2;7;7987.074
678;250;4;2017-01-28;2017-01-29;2017-01-31;3;9;1185.5810000000001
679;81;4;2017-01-29;2017-01-30;2017-01-30;1;3;566.482
680;245;4;2017-01-29;2017-02-01;2017-01-30;1;3;9824.974
681;499;4;2017-01-29;2017-02-01;2017-01-31;2;7;9258.454
682;614;4;2017-01-29;2017-01-30;2017-01-30;2;6;2687.976
683;741;4;2017-01-29;2017-01-31;2017-02-01;2;6;674.991
684;762;4;2017-01-31;2017-02-01;2017-02-02;2;6;5537.982
685;976;4;2017-01-31;2017-02-03;2017-02-02;2;7;9908.103
686;380;4;2017-02-01;2017-02-03;2017-02-04;2;7;2276.767
687;530;4;2017-02-02;2017-02-05;2017-02-04;1;3;2900.264
688;343;4;2017-02-02;2017-02-03;2017-02-05;2;7;1800.481
689;884;4;2017-02-02;2017-02-03;2017-02-05;2;7;422.991
690;1097;4;2017-02-03;2017-02-04;2017-02-06;1;2;2298.395
691;1081;4;2017-02-04;2017-02-06;2017-02-06;2;7;4113.865000000001
692;2;3;2017-02-05;2017-02-05;;1;3;8080.865
693;1233;4;2017-02-05;2017-02-07;2017-02-06;1;3;3375.205
694;58;4;2017-02-05;2017-02-06;2017-02-08;2;7;6279.556
695;606;4;2017-02-05;2017-02-08;2017-02-07;2;7;2193.983
696;1242;4;2017-02-05;2017-02-08;2017-02-08;2;7;4585.773
697;562;4;2017-02-06;2017-02-08;2017-02-09;1;2;1254.94
698;543;4;2017-02-06;2017-02-08;2017-02-09;3;8;5586.972
699;958;4;2017-02-06;2017-02-08;2017-02-09;3;9;4129.357
700;4;4;2017-02-07;2017-02-10;2017-02-08;2;6;6599.982
701;850;4;2017-02-07;2017-02-08;2017-02-09;3;9;104.49
702;1352;4;2017-02-08;2017-02-09;2017-02-11;1;3;1838.772
703;417;4;2017-02-08;2017-02-09;2017-02-09;2;7;3750.416
704;1137;4;2017-02-08;2017-02-09;2017-02-11;2;6;4727.233
705;1196;4;2017-02-08;2017-02-11;2017-02-11;2;7;4499.991
706;1271;4;2017-02-09;2017-02-12;2017-02-10;1;2;2432.973
707;79;4;2017-02-09;2017-02-11;2017-02-11;2;7;2936.063
708;660;4;2017-02-10;2017-02-12;2017-02-11;1;2;5583.0740000000005
709;1162;4;2017-02-11;2017-02-13;2017-02-12;2;6;4276.172
710;295;4;2017-02-13;2017-02-15;2017-02-16;2;6;8607.956
711;1246;4;2017-02-13;2017-02-16;2017-02-14;2;6;2083.922
712;173;4;2017-02-13;2017-02-14;2017-02-16;3;9;4489.357
713;207;4;2017-02-13;2017-02-14;2017-02-15;3;8;1598.965
714;805;4;2017-02-14;2017-02-17;2017-02-15;2;7;167.992
715;12;3;2017-02-15;2017-02-15;;2;6;9299.983
716;672;4;2017-02-15;2017-02-17;2017-02-18;2;6;3736.863
717;1312;4;2017-02-15;2017-02-18;2017-02-17;2;6;5392.982
718;38;4;2017-02-16;2017-02-17;2017-02-17;2;7;5286.273
719;200;4;2017-02-16;2017-02-19;2017-02-18;2;6;391.992
720;382;4;2017-02-16;2017-02-19;2017-02-19;2;6;861.012
721;625;4;2017-02-16;2017-02-19;2017-02-17;2;7;2338.564
722;1399;4;2017-02-18;2017-02-20;2017-02-21;2;7;1634.872
723;845;4;2017-02-19;2017-02-21;2017-02-22;2;6;1499.972
724;864;4;2017-02-19;2017-02-22;2017-02-21;2;6;3390.464
725;870;4;2017-02-19;2017-02-22;2017-02-22;2;7;4415.463
726;969;4;2017-02-19;2017-02-22;2017-02-20;2;6;391.992
727;962;4;2017-02-19;2017-02-22;2017-02-21;3;9;1229.621
728;1138;4;2017-02-20;2017-02-21;2017-02-23;1;3;10541.963
729;897;4;2017-02-20;2017-02-22;2017-02-21;2;7;305.991
730;500;4;2017-02-21;2017-02-24;2017-02-22;2;6;3401.1629999999996
731;910;4;2017-02-25;2017-02-27;2017-02-27;3;9;4133.266
732;147;4;2017-02-26;2017-02-27;2017-03-01;2;7;7625.982
733;832;4;2017-02-26;2017-03-01;2017-02-27;2;7;2705.473
734;939;4;2017-02-26;2017-02-28;2017-03-01;3;9;1830.2649999999999
735;20;3;2017-02-27;2017-02-27;;3;9;1815.8609999999999
736;184;4;2017-02-27;2017-02-28;2017-02-28;2;7;8411.082
737;694;4;2017-02-27;2017-03-01;2017-02-28;2;6;2369.743
738;124;4;2017-02-28;2017-03-01;2017-03-03;1;2;4758.765
739;49;4;2017-02-28;2017-03-01;2017-03-02;2;6;799.992
740;1113;4;2017-02-28;2017-03-01;2017-03-02;2;6;3460.4659999999994
741;119;4;2017-02-28;2017-03-01;2017-03-01;3;8;10505.062
742;433;4;2017-02-28;2017-03-01;2017-03-01;3;9;1205.232
743;137;4;2017-03-01;2017-03-04;2017-03-04;2;6;723.89
744;166;4;2017-03-01;2017-03-02;2017-03-02;2;7;375.992
745;698;4;2017-03-01;2017-03-03;2017-03-03;2;7;1084.173
746;391;4;2017-03-02;2017-03-04;2017-03-05;1;3;269.991
747;87;4;2017-03-03;2017-03-04;2017-03-05;1;3;2003.995
748;1072;4;2017-03-03;2017-03-05;2017-03-04;3;8;2715.964
749;255;4;2017-03-04;2017-03-07;2017-03-05;2;7;10269.855
750;232;4;2017-03-04;2017-03-07;2017-03-05;3;8;1172.181
751;731;4;2017-03-05;2017-03-08;2017-03-07;1;3;826.49
752;335;4;2017-03-05;2017-03-06;2017-03-07;2;6;2073.83
753;1201;4;2017-03-05;2017-03-08;2017-03-08;2;7;4926.077
754;646;4;2017-03-06;2017-03-07;2017-03-08;1;2;5309.104
755;531;4;2017-03-06;2017-03-07;2017-03-07;2;6;7543.632
756;1143;4;2017-03-06;2017-03-07;2017-03-09;2;6;848.5409999999999
757;1336;4;2017-03-06;2017-03-08;2017-03-09;2;7;269.991
758;953;4;2017-03-06;2017-03-08;2017-03-07;3;9;2107.366
759;284;4;2017-03-07;2017-03-09;2017-03-08;2;7;802.121
760;1104;4;2017-03-07;2017-03-10;2017-03-10;2;6;1181.0819999999999
761;1291;4;2017-03-07;2017-03-08;2017-03-10;2;7;5629.783
762;572;4;2017-03-08;2017-03-09;2017-03-09;2;6;465.49
763;842;4;2017-03-08;2017-03-10;2017-03-09;3;9;692.082
764;701;4;2017-03-09;2017-03-10;2017-03-12;1;2;3818.9719999999998
765;1152;4;2017-03-09;2017-03-11;2017-03-12;1;2;3841.1080000000006
766;141;4;2017-03-09;2017-03-11;2017-03-12;2;6;376.792
767;564;4;2017-03-09;2017-03-10;2017-03-11;2;7;6236.4619999999995
768;841;4;2017-03-09;2017-03-12;2017-03-10;2;7;1546.384
769;946;4;2017-03-09;2017-03-11;2017-03-11;2;6;2841.162
770;135;4;2017-03-09;2017-03-11;2017-03-11;3;9;4325.964
771;671;4;2017-03-11;2017-03-14;2017-03-12;1;3;367.984
772;448;4;2017-03-11;2017-03-12;2017-03-13;2;7;513.351
773;1385;4;2017-03-11;2017-03-12;2017-03-12;2;6;1225.772
774;690;4;2017-03-12;2017-03-14;2017-03-14;2;6;6813.454
775;968;4;2017-03-12;2017-03-13;2017-03-13;2;6;1394.991
776;490;4;2017-03-13;2017-03-15;2017-03-16;2;6;4964.965999999999
777;496;4;2017-03-13;2017-03-16;2017-03-16;2;6;4856.776
778;56;3;2017-03-15;2017-03-15;;3;9;754.481
779;367;4;2017-03-15;2017-03-16;2017-03-18;2;6;6434.9580000000005
780;592;4;2017-03-15;2017-03-17;2017-03-17;2;6;422.991
781;1018;4;2017-03-15;2017-03-16;2017-03-17;2;6;5396.124
782;1298;4;2017-03-15;2017-03-16;2017-03-18;2;7;3176.965
783;1343;4;2017-03-16;2017-03-19;2017-03-17;1;2;1561.963
784;430;4;2017-03-16;2017-03-19;2017-03-19;2;7;1289.074
785;794;4;2017-03-18;2017-03-19;2017-03-20;1;2;7194.974
786;249;4;2017-03-18;2017-03-20;2017-03-19;2;6;723.89
787;700;4;2017-03-18;2017-03-20;2017-03-19;3;9;6270.882
788;1363;4;2017-03-18;2017-03-20;2017-03-20;3;9;1860.582
789;772;4;2017-03-19;2017-03-20;2017-03-20;2;6;587.283
790;1015;4;2017-03-19;2017-03-21;2017-03-22;2;7;3569.982
791;432;4;2017-03-20;2017-03-22;2017-03-23;2;6;3024.983
792;479;4;2017-03-22;2017-03-23;2017-03-24;2;6;7629.9580000000005
793;653;4;2017-03-23;2017-03-24;2017-03-24;2;6;2336.9700000000003
794;863;4;2017-03-23;2017-03-25;2017-03-24;2;7;4405.443
795;992;4;2017-03-23;2017-03-25;2017-03-26;2;7;569.98
796;154;4;2017-03-23;2017-03-26;2017-03-25;3;9;375.992
797;374;4;2017-03-24;2017-03-26;2017-03-26;2;7;8545.434
798;619;4;2017-03-26;2017-03-28;2017-03-29;1;3;3204.9539999999997
799;607;4;2017-03-27;2017-03-28;2017-03-29;1;3;10365.354
800;1057;4;2017-03-27;2017-03-29;2017-03-28;2;6;4808.152999999999
801;78;4;2017-03-28;2017-03-29;2017-03-30;1;2;316.191
802;340;4;2017-03-28;2017-03-29;2017-03-30;2;6;8491.363
803;1105;4;2017-03-28;2017-03-31;2017-03-30;3;8;1868.392
804;95;4;2017-03-29;2017-03-31;2017-03-30;2;6;6565.473
805;420;4;2017-03-29;2017-03-30;2017-04-01;2;6;4582.055
806;234;4;2017-03-30;2017-03-31;2017-03-31;2;7;2042.457
807;1148;4;2017-03-30;2017-04-01;2017-04-02;2;6;4463.058
808;315;4;2017-03-31;2017-04-02;2017-04-02;2;6;1499.08
809;1222;4;2017-03-31;2017-04-03;2017-04-03;2;7;1252.174
810;153;3;2017-04-01;2017-04-01;;3;8;6357.364
811;524;4;2017-04-01;2017-04-04;2017-04-04;2;7;4208.765
812;1164;4;2017-04-01;2017-04-02;2017-04-03;2;7;4269.983
813;1203;4;2017-04-01;2017-04-03;2017-04-02;3;9;1909.107
814;629;4;2017-04-02;2017-04-05;2017-04-03;2;7;1236.3639999999998
815;1251;4;2017-04-03;2017-04-05;2017-04-04;1;3;1269.166
816;811;4;2017-04-03;2017-04-05;2017-04-05;2;6;931.983
817;301;4;2017-04-04;2017-04-05;2017-04-07;2;7;2235.091
818;1319;4;2017-04-04;2017-04-07;2017-04-07;2;6;2878.121
819;221;4;2017-04-04;2017-04-07;2017-04-05;3;9;199.992
820;725;4;2017-04-05;2017-04-08;2017-04-07;2;7;396.141
821;1181;4;2017-04-05;2017-04-07;2017-04-08;2;7;1755.816
822;294;4;2017-04-06;2017-04-08;2017-04-09;2;7;1208.482
823;415;4;2017-04-06;2017-04-07;2017-04-08;3;8;6114.975
824;993;4;2017-04-07;2017-04-09;2017-04-10;1;2;188.991
825;10;4;2017-04-07;2017-04-08;2017-04-09;2;7;1204.092
826;45;4;2017-04-07;2017-04-10;2017-04-10;2;6;1445.683
827;666;4;2017-04-07;2017-04-10;2017-04-10;2;7;8570.966
828;246;4;2017-04-09;2017-04-10;2017-04-12;2;6;3350.975
829;674;4;2017-04-09;2017-04-10;2017-04-10;2;7;922.183
830;431;4;2017-04-11;2017-04-14;2017-04-12;2;6;999.675
831;1000;4;2017-04-11;2017-04-12;2017-04-12;2;7;1950.5749999999998
832;1215;4;2017-04-11;2017-04-12;2017-04-12;2;7;5205.964
833;406;4;2017-04-12;2017-04-14;2017-04-15;2;7;569.99
834;890;4;2017-04-12;2017-04-13;2017-04-15;2;6;3750.8729999999996
835;940;4;2017-04-13;2017-04-15;2017-04-14;1;2;1563.183
836;455;4;2017-04-13;2017-04-16;2017-04-14;2;6;359.992
837;948;4;2017-04-13;2017-04-16;2017-04-14;2;7;6641.973
838;1395;4;2017-04-14;2017-04-17;2017-04-15;2;7;4432.282
839;1332;4;2017-04-15;2017-04-18;2017-04-16;1;3;7557.972
840;372;4;2017-04-15;2017-04-16;2017-04-16;2;6;6218.974
841;428;4;2017-04-15;2017-04-18;2017-04-17;2;7;4624.057
842;1133;4;2017-04-15;2017-04-18;2017-04-16;2;6;3092.982
843;1059;4;2017-04-16;2017-04-17;2017-04-19;2;7;2366.964
844;1436;4;2017-04-16;2017-04-17;2017-04-18;2;6;5514.745999999999
845;662;4;2017-04-17;2017-04-18;2017-04-18;2;7;2310.456
846;715;4;2017-04-17;2017-04-19;2017-04-19;2;6;7746.112999999999
847;329;4;2017-04-18;2017-04-19;2017-04-19;2;7;4749.99
848;597;4;2017-04-18;2017-04-20;2017-04-20;2;7;2106.366
849;776;4;2017-04-19;2017-04-20;2017-04-21;1;2;333.592
850;1346;4;2017-04-19;2017-04-22;2017-04-22;1;3;1898.103
851;1139;4;2017-04-20;2017-04-21;2017-04-22;2;6;999.482
852;13;4;2017-04-21;2017-04-23;2017-04-22;3;9;1311.291
853;883;4;2017-04-21;2017-04-24;2017-04-24;3;8;7267.456
854;177;4;2017-04-22;2017-04-25;2017-04-23;2;6;170.991
855;775;4;2017-04-22;2017-04-23;2017-04-25;2;6;740.084
856;477;4;2017-04-23;2017-04-25;2017-04-26;2;6;522.49
857;1402;4;2017-04-24;2017-04-25;2017-04-26;2;7;799.992
858;162;4;2017-04-25;2017-04-27;2017-04-28;2;6;2701.366
859;644;4;2017-04-25;2017-04-26;2017-04-26;2;6;2122.455
860;473;4;2017-04-27;2017-04-29;2017-04-28;2;7;6221.455
861;1177;4;2017-04-27;2017-04-29;2017-04-30;2;7;3051.083
862;1230;4;2017-04-27;2017-04-30;2017-04-29;3;8;3808.473
863;446;4;2017-04-28;2017-04-30;2017-05-01;2;7;188.991
864;902;4;2017-04-28;2017-04-30;2017-04-29;2;6;887.624
865;974;4;2017-04-29;2017-05-02;2017-05-01;2;6;821.781
866;1410;4;2017-04-29;2017-04-30;2017-05-01;2;6;1345.1549999999997
867;97;4;2017-05-01;2017-05-03;2017-05-02;1;3;322.99
868;868;4;2017-05-01;2017-05-04;2017-05-02;1;3;1311.291
869;844;4;2017-05-01;2017-05-04;2017-05-02;2;7;6916.553999999999
870;1416;4;2017-05-01;2017-05-04;2017-05-02;2;6;3254.991
871;358;4;2017-05-02;2017-05-04;2017-05-03;2;7;2051.116
872;394;4;2017-05-03;2017-05-06;2017-05-06;1;3;3929.982
873;829;4;2017-05-03;2017-05-05;2017-05-05;2;7;422.991
874;661;4;2017-05-04;2017-05-05;2017-05-06;2;7;7593.9619999999995
875;386;4;2017-05-05;2017-05-06;2017-05-08;1;3;2320.264
876;1046;4;2017-05-05;2017-05-08;2017-05-06;2;7;1265.624
877;784;4;2017-05-06;2017-05-07;2017-05-08;2;6;1194.282
878;224;4;2017-05-07;2017-05-10;2017-05-09;1;3;1487.125
879;214;4;2017-05-08;2017-05-09;2017-05-09;2;7;1823.266
880;1206;4;2017-05-08;2017-05-11;2017-05-10;2;6;4239.287
881;1024;4;2017-05-08;2017-05-11;2017-05-11;3;9;5947.063999999999
882;196;4;2017-05-09;2017-05-12;2017-05-10;2;6;5474.974
883;507;4;2017-05-11;2017-05-13;2017-05-14;2;6;1767.93
884;871;4;2017-05-11;2017-05-13;2017-05-12;2;7;6491.373
885;66;3;2017-05-13;2017-05-13;;3;8;5188.482
886;1396;4;2017-05-13;2017-05-14;2017-05-15;1;2;5984.98
887;1195;4;2017-05-13;2017-05-15;2017-05-15;2;6;6293.981
888;1038;4;2017-05-14;2017-05-16;2017-05-16;2;7;902.983
889;830;4;2017-05-14;2017-05-17;2017-05-15;3;8;494.991
890;171;4;2017-05-15;2017-05-18;2017-05-18;2;6;2390.954
891;384;4;2017-05-15;2017-05-18;2017-05-16;2;6;6971.463
892;651;4;2017-05-15;2017-05-18;2017-05-17;2;7;8910.163999999999
893;1293;4;2017-05-16;2017-05-19;2017-05-19;2;7;1047.531
894;1320;4;2017-05-16;2017-05-19;2017-05-19;2;6;271.992
895;857;4;2017-05-18;2017-05-21;2017-05-19;2;6;418.491
896;376;4;2017-05-19;2017-05-22;2017-05-21;3;9;1804.04
897;47;4;2017-05-20;2017-05-21;2017-05-21;1;2;839.78
898;352;4;2017-05-20;2017-05-21;2017-05-22;2;6;3241.776
899;605;4;2017-05-20;2017-05-21;2017-05-21;2;7;3102.083
900;971;4;2017-05-20;2017-05-21;2017-05-22;2;6;8231.454
901;345;4;2017-05-21;2017-05-22;2017-05-24;2;7;9728.983
902;1278;4;2017-05-21;2017-05-24;2017-05-22;2;6;1431.764
903;179;4;2017-05-22;2017-05-23;2017-05-24;2;7;2943.6710000000003
904;1020;4;2017-05-23;2017-05-26;2017-05-24;1;2;7178.666
905;609;4;2017-05-23;2017-05-26;2017-05-24;2;6;5870.865
906;877;4;2017-05-23;2017-05-26;2017-05-26;2;7;4561.456
907;120;4;2017-05-24;2017-05-26;2017-05-27;1;2;424.992
908;402;4;2017-05-25;2017-05-28;2017-05-27;2;7;1841.974
909;188;4;2017-05-26;2017-05-27;2017-05-28;1;2;1056.792
910;342;4;2017-05-26;2017-05-28;2017-05-28;2;7;269.991
911;887;4;2017-05-26;2017-05-29;2017-05-29;2;6;3798.4120000000003
912;519;4;2017-05-27;2017-05-29;2017-05-29;1;2;1535.115
913;699;4;2017-05-27;2017-05-29;2017-05-29;2;6;711.481
914;1068;4;2017-05-28;2017-05-31;2017-05-31;1;2;2687.964
915;215;4;2017-05-28;2017-05-30;2017-05-30;2;6;4397.964
916;718;4;2017-05-28;2017-05-29;2017-05-29;2;6;167.992
917;881;4;2017-05-29;2017-05-31;2017-06-01;1;2;1367.091
918;242;4;2017-05-30;2017-05-31;2017-05-31;1;3;4446.674
919;781;4;2017-05-30;2017-05-31;2017-05-31;2;7;4205.982
920;966;4;2017-05-30;2017-06-01;2017-06-02;2;7;3004.2219999999998
921;628;4;2017-05-31;2017-06-02;2017-06-02;2;6;2547.974
922;656;4;2017-05-31;2017-06-01;2017-06-03;2;6;1094.975
923;769;4;2017-05-31;2017-06-03;2017-06-02;2;7;840.981
924;68;3;2017-06-02;2017-06-02;;3;8;946.384
925;1316;4;2017-06-02;2017-06-05;2017-06-03;2;7;3125.483
926;233;4;2017-06-03;2017-06-05;2017-06-06;1;2;303.992
927;1438;4;2017-06-03;2017-06-05;2017-06-06;1;2;12104.956
928;957;4;2017-06-05;2017-06-06;2017-06-06;1;3;516.133
929;472;4;2017-06-05;2017-06-06;2017-06-08;2;6;4200.473
930;1224;4;2017-06-05;2017-06-06;2017-06-06;3;9;13312.404999999999
931;631;4;2017-06-07;2017-06-08;2017-06-08;2;6;3494.983
932;804;4;2017-06-07;2017-06-08;2017-06-09;2;6;417.99
933;909;4;2017-06-07;2017-06-10;2017-06-08;2;6;1529.973
934;93;4;2017-06-09;2017-06-10;2017-06-12;2;7;11670.413
935;43;3;2017-06-10;2017-06-10;;3;8;1505.165
936;265;4;2017-06-10;2017-06-13;2017-06-12;2;6;1096.182
937;73;4;2017-06-11;2017-06-14;2017-06-13;2;7;13625.756
938;129;4;2017-06-11;2017-06-12;2017-06-12;2;6;3011.4799999999996
939;1407;4;2017-06-11;2017-06-12;2017-06-14;2;6;1522.4830000000002
940;585;4;2017-06-12;2017-06-14;2017-06-13;1;2;479.992
941;736;4;2017-06-12;2017-06-14;2017-06-14;1;2;2478.8019999999997
942;537;4;2017-06-13;2017-06-16;2017-06-15;2;6;2653.942
943;1025;4;2017-06-13;2017-06-15;2017-06-15;2;6;927.9839999999999
944;138;4;2017-06-14;2017-06-15;2017-06-17;1;3;2649.767
945;167;4;2017-06-14;2017-06-15;2017-06-16;2;7;7339.753
946;525;4;2017-06-14;2017-06-16;2017-06-15;2;6;12519.956
947;278;4;2017-06-15;2017-06-18;2017-06-17;1;3;3087.6719999999996
948;618;4;2017-06-15;2017-06-17;2017-06-17;2;6;1715.9589999999998
949;867;4;2017-06-16;2017-06-18;2017-06-17;1;3;5264.981
950;142;4;2017-06-16;2017-06-19;2017-06-18;2;6;5224.99
951;339;4;2017-06-16;2017-06-19;2017-06-19;2;7;9909.974
952;355;4;2017-06-16;2017-06-18;2017-06-18;2;7;2457.9809999999998
953;658;4;2017-06-16;2017-06-18;2017-06-17;2;7;278.991
954;611;4;2017-06-17;2017-06-20;2017-06-20;2;6;2609.991
955;880;4;2017-06-17;2017-06-19;2017-06-18;2;6;9601.644
956;1184;4;2017-06-17;2017-06-19;2017-06-20;2;6;1763.657
957;722;4;2017-06-17;2017-06-20;2017-06-20;3;9;1986.432
958;1276;4;2017-06-18;2017-06-20;2017-06-19;1;2;6089.983
959;650;4;2017-06-18;2017-06-21;2017-06-21;2;7;2701.174
960;1390;4;2017-06-18;2017-06-19;2017-06-19;2;7;3060.862
961;82;4;2017-06-19;2017-06-21;2017-06-22;1;2;5043.284000000001
962;570;4;2017-06-19;2017-06-22;2017-06-20;2;7;778.392
963;1432;4;2017-06-19;2017-06-21;2017-06-21;2;6;2696.991
964;404;4;2017-06-20;2017-06-22;2017-06-22;2;7;519.984
965;457;4;2017-06-20;2017-06-22;2017-06-23;2;6;188.991
966;389;4;2017-06-20;2017-06-22;2017-06-22;3;8;877.981
967;1323;4;2017-06-21;2017-06-24;2017-06-24;2;6;1573.3650000000002
968;1403;4;2017-06-21;2017-06-23;2017-06-23;2;6;6373.532
969;248;4;2017-06-21;2017-06-24;2017-06-22;3;9;1101.683
970;836;4;2017-06-22;2017-06-25;2017-06-23;2;7;4931.964
971;1426;4;2017-06-22;2017-06-23;2017-06-24;3;8;3611.164
972;270;4;2017-06-23;2017-06-24;2017-06-25;2;7;3646.983
973;238;4;2017-06-24;2017-06-27;2017-06-27;2;6;10282.773
974;511;4;2017-06-24;2017-06-27;2017-06-27;3;8;638.983
975;1092;4;2017-06-25;2017-06-27;2017-06-28;2;6;376.792
976;1266;4;2017-06-25;2017-06-28;2017-06-27;3;9;1934.982
977;400;4;2017-06-26;2017-06-28;2017-06-27;2;7;2858.412
978;1123;4;2017-06-26;2017-06-28;2017-06-27;2;6;1254.972
979;1190;4;2017-06-26;2017-06-29;2017-06-27;2;6;4094.365
980;328;4;2017-06-26;2017-06-28;2017-06-27;3;9;5940.974
981;687;4;2017-06-26;2017-06-29;2017-06-28;3;8;6685.454
982;1423;4;2017-06-26;2017-06-29;2017-06-28;3;9;6245.673
983;1158;4;2017-06-27;2017-06-28;2017-06-29;2;6;5251.955
984;1287;4;2017-06-27;2017-06-28;2017-06-29;2;7;2111.767
985;461;4;2017-06-30;2017-07-02;2017-07-01;2;6;3924.103
986;556;4;2017-06-30;2017-07-03;2017-07-01;2;7;1344.5720000000001
987;172;4;2017-07-02;2017-07-04;2017-07-04;1;2;7806.634
988;436;4;2017-07-02;2017-07-04;2017-07-05;2;6;1689.374
989;1145;4;2017-07-02;2017-07-04;2017-07-03;2;6;3070.154
990;706;4;2017-07-04;2017-07-07;2017-07-07;2;7;1833.965
991;751;4;2017-07-06;2017-07-07;2017-07-09;1;2;3098.376
992;723;4;2017-07-07;2017-07-10;2017-07-09;2;7;5802.056
993;1415;4;2017-07-09;2017-07-11;2017-07-11;1;3;6862.915
994;419;4;2017-07-09;2017-07-11;2017-07-11;2;7;1271.404
995;621;4;2017-07-11;2017-07-13;2017-07-14;1;2;1013.9739999999999
996;915;4;2017-07-11;2017-07-12;2017-07-12;1;2;873.98
997;485;4;2017-07-11;2017-07-13;2017-07-14;2;7;817.774
998;219;4;2017-07-12;2017-07-13;2017-07-14;2;7;997.182
999;590;4;2017-07-12;2017-07-13;2017-07-14;2;6;1041.281
1000;645;4;2017-07-12;2017-07-14;2017-07-15;2;7;2121.092
1001;354;4;2017-07-13;2017-07-16;2017-07-15;2;6;6353.491999999999
1002;1418;4;2017-07-14;2017-07-16;2017-07-16;1;3;2542.8639999999996
1003;503;4;2017-07-14;2017-07-16;2017-07-16;2;7;6621.48
1004;1389;4;2017-07-14;2017-07-17;2017-07-16;2;6;749.691
1005;266;4;2017-07-15;2017-07-17;2017-07-16;2;7;1475.974
1006;1070;4;2017-07-15;2017-07-18;2017-07-17;2;7;7659.255
1007;1115;4;2017-07-16;2017-07-17;2017-07-17;2;6;3018.9060000000004
1008;1345;4;2017-07-16;2017-07-18;2017-07-18;2;6;1287.574
1009;1064;4;2017-07-16;2017-07-19;2017-07-19;3;8;781.182
1010;8;3;2017-07-18;2017-07-18;;2;7;375.291
1011;495;4;2017-07-18;2017-07-21;2017-07-21;1;3;1299.466
1012;620;4;2017-07-18;2017-07-20;2017-07-20;2;7;2065.983
1013;174;4;2017-07-19;2017-07-22;2017-07-21;2;6;1481.99
1014;748;4;2017-07-19;2017-07-21;2017-07-21;2;6;4566.463
1015;799;4;2017-07-19;2017-07-22;2017-07-21;2;7;1544.966
1016;1417;4;2017-07-19;2017-07-20;2017-07-21;3;9;278.991
1017;168;4;2017-07-20;2017-07-21;2017-07-23;2;6;2194.466
1018;290;4;2017-07-22;2017-07-23;2017-07-23;2;6;873.9739999999999
1019;408;4;2017-07-22;2017-07-23;2017-07-24;2;7;2129.765
1020;16;3;2017-07-23;2017-07-23;;2;6;8009.003
1021;125;4;2017-07-23;2017-07-24;2017-07-26;2;6;3533.982
1022;353;4;2017-07-23;2017-07-26;2017-07-24;2;7;3196.205
1023;356;4;2017-07-23;2017-07-26;2017-07-25;2;6;5095.482
1024;837;4;2017-07-23;2017-07-25;2017-07-26;2;7;3747.5570000000002
1025;1304;4;2017-07-23;2017-07-26;2017-07-26;2;6;2728.203
1026;1370;4;2017-07-26;2017-07-28;2017-07-29;1;2;3719.991
1027;588;4;2017-07-26;2017-07-28;2017-07-28;2;6;526.481
1028;1273;4;2017-07-27;2017-07-28;2017-07-30;2;7;3948.7660000000005
1029;407;4;2017-07-29;2017-07-30;2017-08-01;1;3;7314.966
1030;161;4;2017-07-29;2017-07-30;2017-07-31;2;6;2902.081
1031;1308;4;2017-07-30;2017-08-01;2017-08-02;1;2;1159.984
1032;429;4;2017-07-30;2017-08-02;2017-08-01;2;6;1790.091
1033;582;4;2017-07-30;2017-07-31;2017-08-02;2;7;1863.273
1034;895;4;2017-07-30;2017-07-31;2017-07-31;2;7;3745.7929999999997
1035;1283;4;2017-07-30;2017-08-02;2017-08-02;2;6;279.992
1036;1442;4;2017-07-30;2017-08-01;2017-07-31;2;6;3853.1160000000004
1037;1229;4;2017-07-31;2017-08-02;2017-08-03;2;6;1916.5549999999998
1038;1281;4;2017-07-31;2017-08-01;2017-08-03;2;7;2932.4809999999998
1039;1077;4;2017-08-02;2017-08-04;2017-08-03;2;7;359.2
1040;1225;4;2017-08-04;2017-08-07;2017-08-05;1;2;5410.655
1041;70;4;2017-08-04;2017-08-06;2017-08-05;2;7;5063.973
1042;539;4;2017-08-06;2017-08-07;2017-08-07;2;7;269.991
1043;1235;4;2017-08-06;2017-08-09;2017-08-08;2;6;2987.982
1044;1270;4;2017-08-07;2017-08-10;2017-08-08;2;7;314.991
1045;185;4;2017-08-07;2017-08-09;2017-08-10;3;9;2832.881
1046;1134;4;2017-08-07;2017-08-09;2017-08-08;3;8;3993.204
1047;116;3;2017-08-08;2017-08-08;;3;8;6884.713
1048;777;4;2017-08-08;2017-08-10;2017-08-09;2;7;1479.472
1049;194;4;2017-08-09;2017-08-11;2017-08-10;1;2;6420.863
1050;239;4;2017-08-09;2017-08-12;2017-08-12;1;3;1507.466
1051;209;4;2017-08-10;2017-08-11;2017-08-11;2;7;1127.992
1052;460;4;2017-08-10;2017-08-12;2017-08-13;2;6;4882.371
1053;1439;4;2017-08-10;2017-08-11;2017-08-12;2;6;5162.455
1054;189;4;2017-08-11;2017-08-12;2017-08-12;2;7;1319.681
1055;140;4;2017-08-12;2017-08-15;2017-08-15;2;6;7078.957
1056;325;4;2017-08-12;2017-08-15;2017-08-13;2;7;949.99
1057;456;4;2017-08-12;2017-08-15;2017-08-13;2;7;1225.172
1058;782;4;2017-08-13;2017-08-16;2017-08-14;2;6;6233.331999999999
1059;6;4;2017-08-14;2017-08-17;2017-08-17;2;7;5190.572
1060;182;4;2017-08-15;2017-08-18;2017-08-17;2;6;10733.293
1061;655;4;2017-08-15;2017-08-18;2017-08-18;2;7;655.191
1062;1210;4;2017-08-15;2017-08-17;2017-08-18;2;6;2328.214
1063;198;4;2017-08-16;2017-08-19;2017-08-19;3;8;1374.674
1064;898;4;2017-08-16;2017-08-18;2017-08-19;3;9;3567.561
1065;25;4;2017-08-17;2017-08-19;2017-08-19;2;7;5174.371999999999
1066;106;4;2017-08-17;2017-08-20;2017-08-19;2;7;2267.4719999999998
1067;225;4;2017-08-17;2017-08-19;2017-08-19;2;7;3743.166
1068;453;4;2017-08-17;2017-08-20;2017-08-19;2;7;4175.968
1069;493;4;2017-08-17;2017-08-19;2017-08-18;2;6;576.792
1070;596;4;2017-08-17;2017-08-20;2017-08-18;2;7;1018.3820000000001
1071;602;4;2017-08-17;2017-08-20;2017-08-18;3;8;399.992
1072;47;3;2017-08-18;2017-08-18;;1;3;1089.964
1073;911;4;2017-08-18;2017-08-19;2017-08-21;2;7;1611.075
1074;11;3;2017-08-19;2017-08-19;;2;6;2705.673
1075;1003;4;2017-08-19;2017-08-21;2017-08-22;1;3;1797.431
1076;42;4;2017-08-19;2017-08-22;2017-08-22;2;6;1423.173
1077;412;4;2017-08-19;2017-08-20;2017-08-21;2;6;1481.99
1078;793;4;2017-08-19;2017-08-21;2017-08-20;2;6;3909.9660000000003
1079;812;4;2017-08-19;2017-08-20;2017-08-20;2;7;613.791
1080;1086;4;2017-08-19;2017-08-20;2017-08-20;2;7;12024.855
1081;1106;4;2017-08-19;2017-08-22;2017-08-22;2;6;788.391
1082;1327;4;2017-08-20;2017-08-22;2017-08-21;2;6;799.992
1083;1372;4;2017-08-20;2017-08-23;2017-08-23;2;6;6023.566
1084;2;4;2017-08-21;2017-08-24;2017-08-23;1;2;3695.6639999999998
1085;305;4;2017-08-21;2017-08-23;2017-08-23;1;3;1037.774
1086;220;4;2017-08-21;2017-08-23;2017-08-24;2;7;4186.735000000001
1087;675;4;2017-08-22;2017-08-23;2017-08-25;3;8;3873.256
1088;1160;4;2017-08-22;2017-08-23;2017-08-23;3;8;2444.465
1089;46;3;2017-08-23;2017-08-23;;1;2;1563.781
1090;1427;4;2017-08-24;2017-08-26;2017-08-26;1;2;351.992
1091;1260;4;2017-08-24;2017-08-25;2017-08-25;2;7;5686.581
1092;40;4;2017-08-25;2017-08-28;2017-08-27;1;2;2410.6719999999996
1093;326;4;2017-08-25;2017-08-28;2017-08-26;1;3;1384.182
1094;828;4;2017-08-25;2017-08-27;2017-08-28;2;6;2716.765
1095;1382;4;2017-08-26;2017-08-28;2017-08-27;3;9;8898.955
1096;589;4;2017-08-27;2017-08-29;2017-08-29;1;2;1512.891
1097;1311;4;2017-08-27;2017-08-30;2017-08-28;2;6;2309.712
1098;752;4;2017-08-28;2017-08-30;2017-08-30;1;2;170.991
1099;1128;4;2017-08-28;2017-08-29;2017-08-30;2;6;2197.763
1100;1392;4;2017-08-28;2017-08-29;2017-08-29;2;7;3222.4809999999998
1101;379;4;2017-08-29;2017-08-30;2017-08-30;2;7;6671.601
1102;1317;4;2017-08-29;2017-08-31;2017-08-31;2;6;325.491
1103;1394;4;2017-08-31;2017-09-02;2017-09-02;2;7;1487.984
1104;268;4;2017-09-01;2017-09-04;2017-09-03;2;6;6617.733
1105;747;4;2017-09-01;2017-09-04;2017-09-03;3;8;6656.6630000000005
1106;1009;4;2017-09-02;2017-09-04;2017-09-04;2;6;314.991
1107;1424;4;2017-09-02;2017-09-05;2017-09-05;2;7;5415.984
1108;735;4;2017-09-03;2017-09-05;2017-09-04;1;3;1778.792
1109;23;4;2017-09-03;2017-09-04;2017-09-04;2;6;557.991
1110;912;4;2017-09-04;2017-09-07;2017-09-07;2;6;4949.991
1111;930;4;2017-09-04;2017-09-06;2017-09-05;2;6;1238.364
1112;798;4;2017-09-05;2017-09-08;2017-09-07;2;7;6600.705
1113;388;4;2017-09-06;2017-09-08;2017-09-07;2;7;418.491
1114;1036;4;2017-09-06;2017-09-08;2017-09-08;2;6;700.792
1115;1100;4;2017-09-07;2017-09-09;2017-09-09;2;6;9335.465
1116;52;4;2017-09-08;2017-09-10;2017-09-10;2;7;1563.321
1117;334;4;2017-09-08;2017-09-10;2017-09-10;2;6;6471.974
1118;1023;4;2017-09-08;2017-09-11;2017-09-11;2;6;12929.965
1119;749;4;2017-09-10;2017-09-12;2017-09-13;1;2;3139.573
1120;1269;4;2017-09-10;2017-09-12;2017-09-13;2;7;3059.2450000000003
1121;143;4;2017-09-11;2017-09-13;2017-09-12;2;7;1960.3310000000001
1122;1132;4;2017-09-12;2017-09-14;2017-09-14;2;6;8219.455
1123;598;4;2017-09-13;2017-09-14;2017-09-14;2;7;4822.692
1124;275;4;2017-09-13;2017-09-14;2017-09-16;3;9;5949.763
1125;945;4;2017-09-14;2017-09-15;2017-09-15;2;7;2784.5539999999996
1126;1213;4;2017-09-14;2017-09-16;2017-09-15;3;8;4622.473
1127;494;4;2017-09-15;2017-09-16;2017-09-16;2;7;899.4739999999999
1128;936;4;2017-09-15;2017-09-17;2017-09-16;2;6;2081.831
1129;663;4;2017-09-17;2017-09-18;2017-09-20;2;6;9483.574
1130;69;4;2017-09-18;2017-09-20;2017-09-20;1;3;2559.992
1131;1178;4;2017-09-18;2017-09-20;2017-09-19;1;3;1975.181
1132;351;4;2017-09-19;2017-09-20;2017-09-20;2;6;7748.771
1133;517;4;2017-09-19;2017-09-21;2017-09-21;2;7;6121.944
1134;978;4;2017-09-19;2017-09-22;2017-09-20;2;6;1064.682
1135;1347;4;2017-09-19;2017-09-21;2017-09-20;2;6;6172.981
1136;1050;4;2017-09-20;2017-09-21;2017-09-21;2;6;480.591
1137;810;4;2017-09-20;2017-09-23;2017-09-23;3;8;6475.777000000001
1138;254;4;2017-09-21;2017-09-23;2017-09-22;1;2;952.771
1139;1006;4;2017-09-21;2017-09-22;2017-09-23;1;2;5359.604
1140;1063;4;2017-09-21;2017-09-22;2017-09-22;3;8;6882.773999999999
1141;1076;4;2017-09-22;2017-09-23;2017-09-24;1;2;1619.991
1142;554;4;2017-09-23;2017-09-26;2017-09-26;1;3;2679.6050000000005
1143;1087;4;2017-09-24;2017-09-26;2017-09-27;1;2;1815.2749999999999
1144;1414;4;2017-09-24;2017-09-27;2017-09-27;2;7;176.691
1145;617;4;2017-09-25;2017-09-27;2017-09-26;2;6;496.611
1146;757;4;2017-09-25;2017-09-26;2017-09-28;2;7;2511.465
1147;1344;4;2017-09-25;2017-09-26;2017-09-27;2;6;1952.982
1148;1379;4;2017-09-25;2017-09-26;2017-09-27;2;7;1849.863
1149;787;4;2017-09-27;2017-09-30;2017-09-30;2;7;7119.654
1150;1183;4;2017-09-28;2017-10-01;2017-09-30;2;7;1973.722
1151;708;4;2017-09-29;2017-09-30;2017-09-30;1;3;949.99
1152;1244;4;2017-09-29;2017-10-02;2017-10-01;2;6;5452.473
1153;720;4;2017-09-30;2017-10-03;2017-10-03;2;7;943.281
1154;789;4;2017-09-30;2017-10-03;2017-10-03;2;7;1994.783
1155;865;4;2017-09-30;2017-10-01;2017-10-01;2;7;2385.152
1156;869;4;2017-09-30;2017-10-03;2017-10-03;2;7;589.9300000000001
1157;24;4;2017-10-01;2017-10-03;2017-10-04;1;3;3680.765
1158;889;4;2017-10-01;2017-10-03;2017-10-02;1;2;679.182
1159;1221;4;2017-10-01;2017-10-02;2017-10-03;1;3;494.991
1160;1262;4;2017-10-01;2017-10-02;2017-10-04;1;2;3722.983
1161;41;4;2017-10-01;2017-10-04;2017-10-02;2;7;2002.7649999999999
1162;888;4;2017-10-01;2017-10-03;2017-10-03;2;6;6205.955
1163;934;4;2017-10-01;2017-10-02;2017-10-02;2;6;3999.9809999999998
1164;1067;4;2017-10-01;2017-10-02;2017-10-03;2;6;3092.9619999999995
1165;652;4;2017-10-02;2017-10-03;2017-10-05;2;7;741.192
1166;286;4;2017-10-03;2017-10-04;2017-10-04;2;7;513.351
1167;900;4;2017-10-04;2017-10-07;2017-10-06;1;2;2358.4719999999998
1168;1031;4;2017-10-04;2017-10-05;2017-10-06;2;6;7680.056
1169;1421;4;2017-10-04;2017-10-06;2017-10-07;2;7;11834.965
1170;534;4;2017-10-05;2017-10-07;2017-10-06;2;6;8661.972
1171;826;4;2017-10-05;2017-10-06;2017-10-08;2;6;1835.853
1172;1339;4;2017-10-07;2017-10-10;2017-10-09;2;7;988.223
1173;548;4;2017-10-08;2017-10-10;2017-10-09;2;7;1508.0439999999999
1174;1109;4;2017-10-08;2017-10-10;2017-10-11;2;6;1218.874
1175;292;4;2017-10-09;2017-10-11;2017-10-12;2;6;9297.553
1176;1111;4;2017-10-10;2017-10-13;2017-10-11;3;9;170.991
1177;21;3;2017-10-12;2017-10-12;;3;9;3650.982
1178;771;4;2017-10-12;2017-10-15;2017-10-13;2;6;2635.263
1179;1150;4;2017-10-12;2017-10-15;2017-10-15;3;9;6335.963
1180;1065;4;2017-10-13;2017-10-16;2017-10-16;1;3;233.421
1181;1022;4;2017-10-13;2017-10-16;2017-10-15;2;7;440.991
1182;1422;4;2017-10-13;2017-10-14;2017-10-16;2;7;3899.682
1183;216;4;2017-10-14;2017-10-17;2017-10-17;2;6;3856.0740000000005
1184;369;4;2017-10-14;2017-10-15;2017-10-16;2;6;966.1310000000001
1185;960;4;2017-10-14;2017-10-16;2017-10-17;2;6;4428.244
1186;1120;4;2017-10-14;2017-10-16;2017-10-15;2;6;5809.965
1187;486;4;2017-10-15;2017-10-18;2017-10-16;2;6;4409.454
1188;647;4;2017-10-15;2017-10-18;2017-10-17;2;7;676.874
1189;1090;4;2017-10-15;2017-10-17;2017-10-18;2;6;7451.973
1190;34;4;2017-10-16;2017-10-19;2017-10-17;2;6;387.801
1191;186;4;2017-10-17;2017-10-18;2017-10-18;2;6;5144.673
1192;1114;4;2017-10-17;2017-10-19;2017-10-18;2;6;975.674
1193;1412;4;2017-10-17;2017-10-19;2017-10-19;2;7;1092.48
1194;192;4;2017-10-19;2017-10-22;2017-10-22;1;2;4701.213
1195;229;4;2017-10-19;2017-10-21;2017-10-21;2;7;814.671
1196;508;4;2017-10-19;2017-10-21;2017-10-20;2;6;697.491
1197;269;4;2017-10-21;2017-10-23;2017-10-23;2;6;3888.563
1198;1289;4;2017-10-22;2017-10-24;2017-10-24;2;7;507.29
1199;318;4;2017-10-23;2017-10-24;2017-10-26;1;2;1054.272
1200;48;4;2017-10-23;2017-10-25;2017-10-26;2;6;1839.992
1201;201;4;2017-10-23;2017-10-24;2017-10-24;2;6;1782.223
1202;593;4;2017-10-24;2017-10-25;2017-10-25;2;6;104.49
1203;1191;4;2017-10-25;2017-10-27;2017-10-26;2;7;3002.0809999999997
1204;1277;4;2017-10-25;2017-10-28;2017-10-28;2;6;353.391
1205;1091;4;2017-10-26;2017-10-28;2017-10-28;1;2;2515.097
1206;222;4;2017-10-26;2017-10-29;2017-10-29;2;6;1497.483
1207;1002;4;2017-10-26;2017-10-28;2017-10-27;2;6;1233.673
1208;1226;4;2017-10-26;2017-10-28;2017-10-27;2;7;1302.367
1209;1342;4;2017-10-26;2017-10-27;2017-10-29;2;7;527.781
1210;730;4;2017-10-26;2017-10-27;2017-10-29;3;8;2483.003
1211;19;4;2017-10-27;2017-10-28;2017-10-29;2;7;3610.9570000000003
1212;213;4;2017-10-27;2017-10-30;2017-10-29;2;6;2592.8630000000003
1213;669;4;2017-10-27;2017-10-29;2017-10-29;3;9;2002.8029999999999
1214;783;4;2017-10-28;2017-10-29;2017-10-29;2;6;7227.255
1215;807;4;2017-10-28;2017-10-31;2017-10-30;2;7;2115.5609999999997
1216;886;4;2017-10-28;2017-10-30;2017-10-29;2;7;9048.193
1217;1155;4;2017-10-28;2017-10-31;2017-10-30;2;7;1139.98
1218;1017;4;2017-10-30;2017-11-01;2017-10-31;1;2;902.581
1219;840;4;2017-10-30;2017-11-02;2017-11-02;2;7;7548.953
1220;803;4;2017-10-31;2017-11-03;2017-11-03;2;6;7833.975
1221;1290;4;2017-10-31;2017-11-02;2017-11-01;2;7;4400.954
1222;482;4;2017-11-01;2017-11-04;2017-11-03;3;9;279.992
1223;1207;4;2017-11-02;2017-11-03;2017-11-03;2;6;524.39
1224;544;4;2017-11-03;2017-11-04;2017-11-04;2;6;9908.464
1225;768;4;2017-11-04;2017-11-05;2017-11-07;1;2;3752.973
1226;226;4;2017-11-04;2017-11-07;2017-11-06;2;7;10710.285
1227;702;4;2017-11-04;2017-11-07;2017-11-06;2;6;4754.156
1228;1041;4;2017-11-04;2017-11-06;2017-11-06;2;6;2897.974
1229;89;4;2017-11-05;2017-11-08;2017-11-06;1;3;5274.6720000000005
1230;1107;4;2017-11-05;2017-11-06;2017-11-07;2;6;934.482
1231;1180;4;2017-11-05;2017-11-07;2017-11-06;2;6;1183.781
1232;665;4;2017-11-06;2017-11-07;2017-11-09;1;3;3520.4230000000002
1233;462;4;2017-11-06;2017-11-07;2017-11-08;2;6;6811.975
1234;19;3;2017-11-07;2017-11-07;;2;6;5502.792
1235;210;4;2017-11-07;2017-11-08;2017-11-09;2;6;3599.991
1236;243;4;2017-11-08;2017-11-11;2017-11-09;2;7;2212.272
1237;571;4;2017-11-09;2017-11-12;2017-11-11;1;2;3656.956
1238;998;4;2017-11-09;2017-11-10;2017-11-11;2;6;5288.965
1239;1197;4;2017-11-09;2017-11-10;2017-11-11;2;7;1953.3139999999999
1240;903;4;2017-11-10;2017-11-11;2017-11-11;2;7;3744.2529999999997
1241;1170;4;2017-11-10;2017-11-12;2017-11-11;2;7;814.1310000000001
1242;303;4;2017-11-11;2017-11-12;2017-11-12;2;6;3136.0429999999997
1243;346;4;2017-11-11;2017-11-13;2017-11-14;2;6;502.191
1244;333;4;2017-11-12;2017-11-14;2017-11-13;2;6;1986.565
1245;1166;4;2017-11-13;2017-11-16;2017-11-14;2;7;242.991
1246;1329;4;2017-11-13;2017-11-16;2017-11-16;2;7;2666.973
1247;426;4;2017-11-16;2017-11-18;2017-11-17;1;2;3296.9719999999998
1248;1367;4;2017-11-16;2017-11-17;2017-11-18;1;3;1371.962
1249;545;4;2017-11-17;2017-11-18;2017-11-20;2;6;7782.873
1250;1188;4;2017-11-17;2017-11-19;2017-11-18;2;6;1834.462
1251;289;4;2017-11-17;2017-11-19;2017-11-19;3;9;13334.973
1252;110;4;2017-11-18;2017-11-20;2017-11-21;1;3;2310.374
1253;44;4;2017-11-18;2017-11-21;2017-11-21;2;6;853.074
1254;1098;4;2017-11-18;2017-11-19;2017-11-19;2;7;889.5840000000001
1255;375;4;2017-11-19;2017-11-20;2017-11-21;2;6;6365.454
1256;458;4;2017-11-19;2017-11-20;2017-11-22;2;6;872.983
1257;1136;4;2017-11-19;2017-11-22;2017-11-20;2;7;10092.561
1258;1099;4;2017-11-20;2017-11-21;2017-11-22;2;7;509.981
1259;4;3;2017-11-21;2017-11-21;;2;7;1763.191
1260;1117;4;2017-11-22;2017-11-23;2017-11-24;2;6;1845.882
1261;435;4;2017-11-23;2017-11-25;2017-11-24;2;7;3287.465
1262;509;4;2017-11-23;2017-11-26;2017-11-26;2;6;6858.563
1263;1408;4;2017-11-23;2017-11-26;2017-11-26;2;6;4425.082
1264;113;4;2017-11-24;2017-11-27;2017-11-25;2;6;2692.364
1265;950;4;2017-11-24;2017-11-27;2017-11-27;2;7;1899.5819999999999
1266;387;4;2017-11-25;2017-11-28;2017-11-27;2;6;1367.984
1267;467;4;2017-11-25;2017-11-26;2017-11-26;2;6;2357.964
1268;774;4;2017-11-26;2017-11-28;2017-11-29;1;3;3130.865
1269;1236;4;2017-11-26;2017-11-29;2017-11-29;2;6;5943.875
1270;1388;4;2017-11-26;2017-11-29;2017-11-29;2;6;2559.992
1271;734;4;2017-11-27;2017-11-30;2017-11-30;2;6;6643.764
1272;935;4;2017-11-27;2017-11-29;2017-11-30;2;6;994.774
1273;1268;4;2017-11-27;2017-11-29;2017-11-29;2;6;4836.974
1274;1364;4;2017-11-28;2017-11-29;2017-12-01;2;7;989.991
1275;165;4;2017-11-29;2017-12-01;2017-11-30;1;2;5549.982
1276;893;4;2017-11-30;2017-12-03;2017-12-02;2;6;7502.566
1277;227;4;2017-12-01;2017-12-04;2017-12-02;2;6;11254.256
1278;980;4;2017-12-01;2017-12-02;2017-12-04;2;7;919.7819999999999
1279;1014;4;2017-12-01;2017-12-04;2017-12-03;2;6;2849.99
1280;123;4;2017-12-01;2017-12-03;2017-12-03;3;9;4609.244000000001
1281;1060;4;2017-12-02;2017-12-05;2017-12-05;2;6;4686.32
1282;320;4;2017-12-03;2017-12-05;2017-12-05;2;6;5247.432
1283;85;4;2017-12-04;2017-12-07;2017-12-07;2;7;10997.756
1284;128;4;2017-12-04;2017-12-06;2017-12-07;2;7;4781.171
1285;262;4;2017-12-04;2017-12-07;2017-12-07;2;7;1548.205
1286;1033;4;2017-12-04;2017-12-07;2017-12-06;2;7;1533.2740000000001
1287;279;4;2017-12-07;2017-12-10;2017-12-09;1;3;4912.264
1288;778;4;2017-12-07;2017-12-10;2017-12-09;3;9;4540.945000000001
1289;1292;4;2017-12-08;2017-12-11;2017-12-10;1;3;1099.481
1290;967;4;2017-12-08;2017-12-10;2017-12-10;2;6;1550.321
1291;1284;4;2017-12-09;2017-12-11;2017-12-12;2;6;6549.981
1292;285;4;2017-12-10;2017-12-13;2017-12-11;2;6;613.791
1293;1401;4;2017-12-10;2017-12-12;2017-12-11;2;7;1100.472
1294;947;4;2017-12-11;2017-12-13;2017-12-14;1;2;797.98
1295;37;4;2017-12-11;2017-12-12;2017-12-14;2;7;5888.974
1296;231;4;2017-12-14;2017-12-17;2017-12-15;1;3;1908.962
1297;108;4;2017-12-14;2017-12-17;2017-12-16;2;6;11658.231
1298;533;4;2017-12-14;2017-12-17;2017-12-16;3;9;2908.011
1299;1216;4;2017-12-15;2017-12-18;2017-12-16;1;2;1836.763
1300;824;4;2017-12-15;2017-12-17;2017-12-17;2;6;5066.181
1301;1088;4;2017-12-16;2017-12-19;2017-12-19;1;3;2616.575
1302;322;4;2017-12-16;2017-12-18;2017-12-19;2;7;6177.472
1303;878;4;2017-12-16;2017-12-19;2017-12-18;2;7;4689.956
1304;1409;4;2017-12-16;2017-12-17;2017-12-17;2;6;1808.422
1305;257;4;2017-12-17;2017-12-19;2017-12-18;2;7;4983.4130000000005
1306;28;4;2017-12-20;2017-12-21;2017-12-22;2;6;6873.356
1307;1384;4;2017-12-22;2017-12-23;2017-12-25;1;2;1259.0749999999998
1308;713;4;2017-12-22;2017-12-24;2017-12-24;2;7;8461.756
1309;821;4;2017-12-22;2017-12-25;2017-12-24;2;6;481.63300000000004
1310;444;4;2017-12-24;2017-12-25;2017-12-26;1;3;6792.867
1311;1021;4;2017-12-24;2017-12-26;2017-12-27;2;6;4154.364
1312;311;4;2017-12-25;2017-12-28;2017-12-26;1;3;1012.423
1313;1294;4;2017-12-25;2017-12-27;2017-12-27;1;3;1243.785
1314;1027;4;2017-12-25;2017-12-26;2017-12-28;2;7;1628.652
1315;931;4;2017-12-25;2017-12-27;2017-12-28;3;9;3377.715
1316;846;4;2017-12-26;2017-12-29;2017-12-27;1;3;458.98199999999997
1317;418;4;2017-12-27;2017-12-28;2017-12-29;1;3;593.991
1318;75;4;2017-12-27;2017-12-30;2017-12-29;2;6;3900.0670000000005
1319;604;4;2017-12-27;2017-12-30;2017-12-30;2;6;837.983
1320;244;4;2017-12-28;2017-12-30;2017-12-29;1;3;873.2729999999999
1321;217;4;2017-12-30;2017-12-31;2017-12-31;1;3;2311.173
1322;39;4;2017-12-31;2018-01-03;2018-01-02;2;7;2832.881
1323;273;4;2017-12-31;2018-01-01;2018-01-01;2;6;2126.971
1324;862;4;2018-01-01;2018-01-04;2018-01-03;2;6;3835.866
1325;68;4;2018-01-01;2018-01-02;2018-01-03;3;8;8729.962
1326;567;4;2018-01-01;2018-01-03;2018-01-02;3;9;2789.982
1327;1026;4;2018-01-02;2018-01-03;2018-01-05;2;6;4337.465
1328;1083;4;2018-01-02;2018-01-03;2018-01-03;2;6;3038.055
1329;443;4;2018-01-04;2018-01-05;2018-01-06;1;3;4429.106
1330;761;4;2018-01-04;2018-01-05;2018-01-07;2;7;2091.455
1331;1122;4;2018-01-05;2018-01-06;2018-01-08;2;6;5081.463
1332;256;4;2018-01-06;2018-01-07;2018-01-09;2;7;1603.064
1333;203;4;2018-01-06;2018-01-07;2018-01-07;3;8;6737.652999999999
1334;425;4;2018-01-07;2018-01-09;2018-01-10;2;6;11475.452
1335;955;4;2018-01-07;2018-01-08;2018-01-08;2;7;2137.49
1336;904;4;2018-01-09;2018-01-10;2018-01-12;1;2;13346.055
1337;970;4;2018-01-09;2018-01-12;2018-01-12;2;7;4499.991
1338;905;4;2018-01-10;2018-01-11;2018-01-13;2;6;6044.991
1339;580;4;2018-01-11;2018-01-14;2018-01-13;1;3;2975.991
1340;1066;4;2018-01-12;2018-01-13;2018-01-13;1;3;3055.474
1341;1258;4;2018-01-12;2018-01-13;2018-01-14;2;7;6190.913
1342;1393;4;2018-01-12;2018-01-13;2018-01-15;2;7;1681.48
1343;594;4;2018-01-13;2018-01-15;2018-01-14;2;6;6864.555
1344;916;4;2018-01-13;2018-01-16;2018-01-15;2;6;6765.5650000000005
1345;1037;4;2018-01-14;2018-01-15;2018-01-15;2;6;8879.174
1346;136;4;2018-01-14;2018-01-15;2018-01-15;3;8;6873.513
1347;247;4;2018-01-15;2018-01-18;2018-01-18;1;2;5641.481
1348;1214;4;2018-01-15;2018-01-17;2018-01-17;1;2;16148.962
1349;464;4;2018-01-15;2018-01-17;2018-01-16;2;6;10826.672999999999
1350;637;4;2018-01-15;2018-01-18;2018-01-17;2;7;7911.955
1351;1016;4;2018-01-16;2018-01-19;2018-01-19;2;7;1573.983
1352;1433;4;2018-01-16;2018-01-18;2018-01-18;2;6;3065.8559999999998
1353;502;4;2018-01-17;2018-01-19;2018-01-18;2;6;1773.814
1354;476;4;2018-01-19;2018-01-20;2018-01-21;1;3;697.491
1355;1010;4;2018-01-19;2018-01-21;2018-01-20;2;7;9074.965
1356;1161;4;2018-01-19;2018-01-21;2018-01-22;2;6;5457.972
1357;440;4;2018-01-20;2018-01-23;2018-01-21;2;6;3423.9759999999997
1358;253;4;2018-01-21;2018-01-23;2018-01-24;1;2;719.992
1359;1008;4;2018-01-21;2018-01-22;2018-01-22;3;9;892.98
1360;71;4;2018-01-22;2018-01-25;2018-01-24;2;6;1551.34
1361;1084;4;2018-01-22;2018-01-24;2018-01-23;2;7;6526.681
1362;310;4;2018-01-23;2018-01-24;2018-01-25;2;6;6467.975
1363;860;4;2018-01-24;2018-01-25;2018-01-25;2;6;225.891
1364;122;4;2018-01-25;2018-01-28;2018-01-28;2;6;14090.634
1365;689;4;2018-01-25;2018-01-28;2018-01-27;2;7;6803.972
1366;1441;4;2018-01-26;2018-01-27;2018-01-28;2;6;7654.182
1367;1118;4;2018-01-27;2018-01-28;2018-01-28;1;3;5345.750999999999
1368;765;4;2018-01-27;2018-01-28;2018-01-29;2;6;4281.5740000000005
1369;92;4;2018-01-28;2018-01-30;2018-01-30;2;6;256.49
1370;115;4;2018-01-28;2018-01-29;2018-01-29;2;7;6698.965
1371;937;4;2018-01-29;2018-01-30;2018-02-01;2;7;1932.883
1372;1013;4;2018-01-29;2018-02-01;2018-01-30;2;6;953.483
1373;427;4;2018-01-29;2018-01-31;2018-01-31;3;9;3149.991
1374;1330;4;2018-01-30;2018-02-01;2018-02-01;1;3;2945.5809999999997
1375;312;4;2018-01-30;2018-02-01;2018-02-01;3;8;3709.982
1376;1186;4;2018-02-01;2018-02-02;2018-02-03;1;2;1228.521
1377;1007;4;2018-02-01;2018-02-03;2018-02-03;2;7;10273.962
1378;983;4;2018-02-02;2018-02-05;2018-02-04;1;2;5075.487
1379;1256;4;2018-02-02;2018-02-05;2018-02-05;2;6;1457.973
1380;818;4;2018-02-05;2018-02-08;2018-02-08;1;3;1209.882
1381;680;4;2018-02-05;2018-02-06;2018-02-08;2;7;993.983
1382;1303;4;2018-02-06;2018-02-09;2018-02-08;2;6;4287.957
1383;488;4;2018-02-07;2018-02-08;2018-02-08;1;3;3129.6330000000003
1384;1126;4;2018-02-08;2018-02-10;2018-02-09;2;7;3838.563
1385;866;4;2018-02-08;2018-02-11;2018-02-09;3;9;4971.4619999999995
1386;1254;4;2018-02-09;2018-02-10;2018-02-11;1;2;5515.965
1387;11;4;2018-02-09;2018-02-11;2018-02-11;2;7;404.991
1388;323;4;2018-02-09;2018-02-12;2018-02-12;2;7;2699.991
1389;491;4;2018-02-11;2018-02-12;2018-02-14;2;7;3634.5719999999997
1390;63;4;2018-02-12;2018-02-13;2018-02-13;2;7;5234.353
1391;914;4;2018-02-13;2018-02-14;2018-02-14;2;7;1044.875
1392;1187;4;2018-02-13;2018-02-14;2018-02-14;2;6;1006.982
1393;547;4;2018-02-14;2018-02-15;2018-02-15;2;7;5996.062
1394;906;4;2018-02-14;2018-02-16;2018-02-16;3;8;2374.99
1395;1052;4;2018-02-15;2018-02-18;2018-02-16;1;3;5577.966
1396;856;4;2018-02-15;2018-02-18;2018-02-16;2;7;3659.982
1397;920;4;2018-02-15;2018-02-17;2018-02-16;2;6;8308.653
1398;1383;4;2018-02-16;2018-02-19;2018-02-19;1;3;996.133
1399;146;4;2018-02-16;2018-02-18;2018-02-18;2;6;4507.271
1400;987;4;2018-02-17;2018-02-18;2018-02-18;2;6;1570.2659999999998
1401;15;4;2018-02-18;2018-02-19;2018-02-20;2;7;1361.873
1402;1171;4;2018-02-19;2018-02-21;2018-02-21;2;6;9634.663
1403;452;4;2018-02-21;2018-02-22;2018-02-22;2;7;188.991
1404;1240;4;2018-02-23;2018-02-26;2018-02-24;1;3;2843.973
1405;100;4;2018-02-25;2018-02-28;2018-02-27;2;6;2699.991
1406;1053;4;2018-02-25;2018-02-27;2018-02-27;2;7;849.481
1407;18;3;2018-02-26;2018-02-26;;2;6;2536.0640000000003
1408;1172;4;2018-02-26;2018-02-27;2018-03-01;2;6;3458.575
1409;21;4;2018-02-26;2018-02-28;2018-02-28;3;8;5604.4529999999995
1410;1005;4;2018-02-27;2018-02-28;2018-02-28;2;7;9111.974
1411;109;4;2018-03-01;2018-03-02;2018-03-02;1;2;3299.983
1412;1043;4;2018-03-01;2018-03-02;2018-03-04;2;7;6013.383000000001
1413;56;4;2018-03-01;2018-03-03;2018-03-04;3;8;265.99
1414;293;4;2018-03-03;2018-03-05;2018-03-06;2;7;3051.4809999999998
1415;839;4;2018-03-03;2018-03-04;2018-03-05;2;7;2778.2120000000004
1416;566;4;2018-03-03;2018-03-04;2018-03-06;3;8;3629.473
1417;300;4;2018-03-04;2018-03-06;2018-03-07;1;2;511.992
1418;364;4;2018-03-04;2018-03-05;2018-03-07;2;6;2645.982
1419;474;4;2018-03-04;2018-03-07;2018-03-07;2;6;2924.053
1420;838;4;2018-03-04;2018-03-05;2018-03-07;2;7;6699.0830000000005
1421;1176;4;2018-03-05;2018-03-07;2018-03-07;2;7;265.99
1422;599;4;2018-03-05;2018-03-06;2018-03-08;3;8;2090.633
1423;1231;4;2018-03-06;2018-03-07;2018-03-07;1;2;1727.2669999999998
1424;1445;4;2018-03-07;2018-03-10;2018-03-10;1;2;3999.992
1425;126;4;2018-03-07;2018-03-09;2018-03-09;2;6;5296.9529999999995
1426;938;4;2018-03-07;2018-03-08;2018-03-10;2;6;1565.0720000000001
1427;999;4;2018-03-07;2018-03-08;2018-03-08;2;6;4690.451
1428;195;4;2018-03-08;2018-03-10;2018-03-11;2;7;8811.057
1429;1116;4;2018-03-08;2018-03-09;2018-03-09;2;6;527.992
1430;1239;4;2018-03-10;2018-03-13;2018-03-11;2;7;601.581
1431;308;4;2018-03-11;2018-03-12;2018-03-14;2;6;7394.965
1432;483;4;2018-03-11;2018-03-12;2018-03-14;2;6;1519.2
1433;1142;4;2018-03-11;2018-03-13;2018-03-12;2;7;232.491
1434;595;4;2018-03-14;2018-03-16;2018-03-16;2;6;7945.965
1435;744;4;2018-03-14;2018-03-15;2018-03-16;2;6;4435.965
1436;1044;4;2018-03-14;2018-03-17;2018-03-16;2;6;520.791
1437;518;4;2018-03-15;2018-03-16;2018-03-16;1;2;1519.99
1438;263;4;2018-03-15;2018-03-17;2018-03-16;2;6;10756.066
1439;463;4;2018-03-15;2018-03-16;2018-03-17;2;7;9801.463
1440;859;4;2018-03-15;2018-03-18;2018-03-16;3;8;6048.565
1441;982;4;2018-03-15;2018-03-16;2018-03-18;3;8;2317.773
1442;478;4;2018-03-16;2018-03-17;2018-03-17;2;7;4500.572
1443;972;4;2018-03-16;2018-03-17;2018-03-17;2;7;6090.974
1444;1154;4;2018-03-16;2018-03-17;2018-03-19;2;6;1708.191
1445;515;4;2018-03-17;2018-03-18;2018-03-20;2;7;2290.6530000000002
1446;820;4;2018-03-17;2018-03-18;2018-03-18;2;6;1766.97
1447;1419;4;2018-03-18;2018-03-20;2018-03-20;1;3;4399.992
1448;228;4;2018-03-18;2018-03-19;2018-03-21;2;6;674.991
1449;330;4;2018-03-18;2018-03-19;2018-03-20;2;7;8135.955
1450;296;4;2018-03-19;2018-03-20;2018-03-22;2;7;7338.655
1451;822;4;2018-03-19;2018-03-22;2018-03-20;2;6;1396.49
1452;287;4;2018-03-20;2018-03-23;2018-03-23;1;3;1520.274
1453;601;4;2018-03-20;2018-03-23;2018-03-22;1;3;188.991
1454;395;4;2018-03-20;2018-03-21;2018-03-22;2;6;2768.9719999999998
1455;405;4;2018-03-20;2018-03-22;2018-03-21;2;6;922.982
1456;754;4;2018-03-20;2018-03-21;2018-03-23;2;7;4083.1539999999995
1457;1411;4;2018-03-20;2018-03-23;2018-03-23;2;6;2960.4669999999996
1458;1029;4;2018-03-20;2018-03-22;2018-03-21;3;8;1916.961
1459;9;4;2018-03-21;2018-03-22;2018-03-22;2;7;1133.91
1460;1131;4;2018-03-21;2018-03-23;2018-03-23;2;7;9916.453
1461;139;4;2018-03-22;2018-03-25;2018-03-23;2;6;1759.984
1462;1101;4;2018-03-22;2018-03-24;2018-03-24;2;6;4196.955
1463;692;4;2018-03-23;2018-03-24;2018-03-24;2;7;7646.54
1464;1279;4;2018-03-24;2018-03-25;2018-03-25;2;7;5067.823
1465;623;4;2018-03-25;2018-03-28;2018-03-28;2;7;626.99
1466;738;4;2018-03-26;2018-03-29;2018-03-28;1;3;6191.170999999999
1467;152;4;2018-03-26;2018-03-27;2018-03-29;2;7;3310.5530000000003
1468;3;4;2018-03-27;2018-03-30;2018-03-29;1;2;10419.972
1469;1135;4;2018-03-27;2018-03-28;2018-03-30;3;8;4237.963
1470;505;4;2018-03-28;2018-03-31;2018-03-31;2;7;3539.871
1471;1310;4;2018-03-28;2018-03-30;2018-03-29;2;7;3753.983
1472;114;4;2018-03-29;2018-03-30;2018-03-31;2;6;727.9839999999999
1473;302;4;2018-03-30;2018-04-01;2018-04-02;1;2;543.683
1474;816;4;2018-03-30;2018-04-01;2018-04-02;1;3;1669.982
1475;112;4;2018-03-30;2018-04-01;2018-03-31;2;6;3976.023
1476;35;4;2018-03-31;2018-04-01;2018-04-01;2;7;11011.455
1477;180;4;2018-03-31;2018-04-03;2018-04-01;2;6;1239.2
1478;392;4;2018-03-31;2018-04-02;2018-04-02;2;6;1240.983
1479;23;2;2018-04-01;2018-04-01;;2;7;3659.9809999999998
1480;27;2;2018-04-01;2018-04-01;;2;7;2357.064
1481;62;1;2018-04-01;2018-04-01;;2;6;1525.482
1482;94;1;2018-04-01;2018-04-01;;2;7;15965.452
1483;15;1;2018-04-02;2018-04-02;;2;7;1097.8809999999999
1484;35;2;2018-04-02;2018-04-02;;2;6;3743.5730000000003
1485;51;2;2018-04-02;2018-04-02;;2;7;2255.984
1486;84;2;2018-04-02;2018-04-02;;2;7;2568.462
1487;33;1;2018-04-03;2018-04-03;;1;3;10739.955
1488;181;2;2018-04-03;2018-04-03;;1;3;4463.982
1489;194;1;2018-04-03;2018-04-03;;1;3;3412.3750000000005
1490;217;2;2018-04-03;2018-04-03;;1;3;1248.972
1491;82;1;2018-04-04;2018-04-04;;1;3;4908.264
1492;41;1;2018-04-04;2018-04-04;;2;7;341.991
1493;64;2;2018-04-04;2018-04-04;;3;8;386.991
1494;69;2;2018-04-05;2018-04-05;;1;3;1224.473
1495;86;2;2018-04-05;2018-04-05;;2;7;3290.582
1496;3;1;2018-04-06;2018-04-06;;1;3;3046.4539999999997
1497;31;2;2018-04-06;2018-04-06;;1;2;7327.974
1498;81;1;2018-04-06;2018-04-06;;1;2;3783.9809999999998
1499;120;2;2018-04-06;2018-04-06;;1;2;5865.902
1500;151;2;2018-04-06;2018-04-06;;1;3;1664.6819999999998
1501;52;1;2018-04-06;2018-04-06;;2;6;3341.013
1502;83;2;2018-04-06;2018-04-06;;2;6;2364.536
1503;208;2;2018-04-07;2018-04-07;;1;3;1246.481
1504;237;2;2018-04-08;2018-04-08;;1;2;297.591
1505;22;1;2018-04-08;2018-04-08;;2;7;6049.971
1506;75;1;2018-04-08;2018-04-08;;2;7;14449.972
1507;85;2;2018-04-08;2018-04-08;;2;6;4430.455
1508;92;2;2018-04-08;2018-04-08;;2;6;1691.963
1509;2;1;2018-04-09;2018-04-09;;1;3;697.491
1510;16;2;2018-04-09;2018-04-09;;2;6;8857.012999999999
1511;25;1;2018-04-09;2018-04-09;;2;6;4597.343
1512;68;1;2018-04-09;2018-04-09;;3;9;846.291
1513;32;2;2018-04-10;2018-04-10;;1;2;7609.971
1514;87;2;2018-04-10;2018-04-10;;1;3;5559.981
1515;61;1;2018-04-10;2018-04-10;;3;9;10072.956
1516;47;2;2018-04-11;2018-04-11;;1;3;8187.9580000000005
1517;97;1;2018-04-11;2018-04-11;;1;2;3063.9809999999998
1518;175;1;2018-04-11;2018-04-11;;1;2;5836.971
1519;26;2;2018-04-11;2018-04-11;;2;7;5811.1359999999995
1520;66;2;2018-04-11;2018-04-11;;3;8;7992.964
1521;53;1;2018-04-12;2018-04-12;;1;3;3035.9669999999996
1522;78;1;2018-04-12;2018-04-12;;1;3;3125.073
1523;8;1;2018-04-12;2018-04-12;;2;7;599.992
1524;37;1;2018-04-12;2018-04-12;;2;6;4410.076
1525;38;2;2018-04-12;2018-04-12;;2;7;9708.552
1526;59;2;2018-04-12;2018-04-12;;2;7;7712.463
1527;13;2;2018-04-12;2018-04-12;;3;9;2847.371
1528;20;1;2018-04-12;2018-04-12;;3;8;343.992
1529;50;1;2018-04-12;2018-04-12;;3;8;5684.981
1530;110;1;2018-04-13;2018-04-13;;1;2;917.982
1531;233;1;2018-04-13;2018-04-13;;1;2;1709.1
1532;7;2;2018-04-13;2018-04-13;;2;7;2789.991
1533;28;2;2018-04-13;2018-04-13;;2;6;7765.155
1534;18;2;2018-04-14;2018-04-14;;2;7;7266.465
1535;19;2;2018-04-14;2018-04-14;;2;7;769.48
1536;34;2;2018-04-14;2018-04-14;;2;7;6203.975
1537;36;1;2018-04-15;2018-04-15;;2;6;807.49
1538;79;2;2018-04-15;2018-04-15;;2;6;8442.355
1539;116;1;2018-04-15;2018-04-15;;3;9;968.98
1540;187;1;2018-04-16;2018-04-16;;1;2;7293.004
1541;10;2;2018-04-16;2018-04-16;;2;7;14766.563
1542;58;2;2018-04-16;2018-04-16;;2;6;6063.357
1543;76;1;2018-04-16;2018-04-16;;2;6;3238.256
1544;5;1;2018-04-17;2018-04-17;;1;2;3483.583
1545;67;1;2018-04-17;2018-04-17;;1;3;782.991
1546;91;2;2018-04-17;2018-04-17;;1;3;9519.963
1547;169;1;2018-04-17;2018-04-17;;1;3;3239.9840000000004
1548;170;1;2018-04-17;2018-04-17;;1;2;6477.974
1549;17;1;2018-04-17;2018-04-17;;2;7;2556.9629999999997
1550;39;1;2018-04-17;2018-04-17;;2;6;8923.252999999999
1551;70;1;2018-04-17;2018-04-17;;2;7;3199.992
1552;73;1;2018-04-17;2018-04-17;;2;7;3466.4809999999998
1553;30;2;2018-04-18;2018-04-18;;1;3;4000.1619999999994
1554;172;1;2018-04-18;2018-04-18;;1;3;936.482
1555;1;1;2018-04-18;2018-04-18;;2;7;11132.015
1556;4;2;2018-04-18;2018-04-18;;2;6;4931.255
1557;121;2;2018-04-19;2018-04-19;;1;3;1254.57
1558;63;1;2018-04-19;2018-04-19;;2;6;9574.255000000001
1559;42;2;2018-04-20;2018-04-20;;2;6;3888.273
1560;57;1;2018-04-20;2018-04-20;;2;7;1975.984
1561;65;2;2018-04-20;2018-04-20;;2;7;2311.9809999999998
1562;88;1;2018-04-20;2018-04-20;;2;7;5736.775
1563;77;2;2018-04-20;2018-04-20;;3;9;3254.991
1564;46;1;2018-04-21;2018-04-21;;1;3;1079.982
1565;60;2;2018-04-21;2018-04-21;;1;2;2175.3559999999998
1566;72;1;2018-04-21;2018-04-21;;1;3;5623.98
1567;89;2;2018-04-21;2018-04-21;;1;2;255.992
1568;192;2;2018-04-21;2018-04-21;;1;3;5306.594
1569;29;2;2018-04-22;2018-04-22;;2;7;2699.991
1570;54;2;2018-04-22;2018-04-22;;2;7;11159.991
1571;80;1;2018-04-22;2018-04-22;;2;7;1630.7740000000001
1572;14;1;2018-04-22;2018-04-22;;3;9;6838.964
1573;24;2;2018-04-23;2018-04-23;;1;2;5100.554
1574;124;1;2018-04-23;2018-04-23;;1;2;422.991
1575;224;2;2018-04-23;2018-04-23;;1;3;4967.755
1576;12;2;2018-04-23;2018-04-23;;2;7;4025.121
1577;48;1;2018-04-23;2018-04-23;;2;7;4012.933
1578;93;2;2018-04-23;2018-04-23;;2;7;4802.973
1579;104;2;2018-04-24;2018-04-24;;1;2;4707.663
1580;191;2;2018-04-24;2018-04-24;;1;2;557.083
1581;188;2;2018-04-25;2018-04-25;;1;2;672.983
1582;240;1;2018-04-25;2018-04-25;;1;3;1952.982
1583;44;1;2018-04-25;2018-04-25;;2;6;735.482
1584;109;2;2018-04-26;2018-04-26;;1;3;10026.956
1585;157;1;2018-04-26;2018-04-26;;1;3;7319.955
1586;176;1;2018-04-26;2018-04-26;;1;2;4200.755
1587;231;2;2018-04-26;2018-04-26;;1;2;5118.362
1588;11;1;2018-04-26;2018-04-26;;2;6;195.291
1589;40;2;2018-04-27;2018-04-27;;1;3;3497.973
1590;138;1;2018-04-27;2018-04-27;;1;3;3734.974
1591;165;2;2018-04-27;2018-04-27;;1;2;3294.957
1592;6;2;2018-04-27;2018-04-27;;2;7;10860.014
1593;9;1;2018-04-27;2018-04-27;;2;6;9678.206
1594;45;1;2018-04-28;2018-04-28;;2;7;843.2819999999999
1595;71;2;2018-04-28;2018-04-28;;2;7;303.992
1596;21;2;2018-04-28;2018-04-28;;3;8;736.59
1597;56;1;2018-04-28;2018-04-28;;3;9;5393.982
1598;239;2;2018-04-29;2018-04-29;;1;3;3886.9750000000004
1599;49;1;2018-04-29;2018-04-29;;2;7;385.592
1600;90;1;2018-04-29;2018-04-29;;2;6;5470.373
1601;43;1;2018-04-29;2018-04-29;;3;8;6502.264999999999
1602;55;1;2018-04-30;2018-04-30;;2;6;1788.5140000000001
1603;74;2;2018-04-30;2018-04-30;;2;6;218.49
1604;7;3;2018-06-17;2018-06-17;;2;7;188.991
1605;123;3;2018-07-01;2018-07-01;;3;8;7247.956
1606;119;3;2018-07-10;2018-07-10;;3;8;782.982
1607;33;3;2018-07-11;2018-07-11;;1;2;949.99
1608;53;3;2018-07-12;2018-07-12;;1;2;503.49
1609;10;3;2018-08-23;2018-08-23;;2;7;1595.167
1610;15;3;2018-08-25;2018-08-25;;2;7;3334.6730000000002
1611;6;3;2018-09-06;2018-09-06;;2;7;6083.974
1612;3;3;2018-10-21;2018-10-21;;1;3;2907.555
1613;1;3;2018-11-18;2018-11-18;;2;6;4953.981
1614;135;3;2018-11-28;2018-11-28;;3;8;3749.053
1615;136;3;2018-12-28;2018-12-28;;3;8;4676.975
